0,0.0,0.0,0.1976190476190476,-0.26666666666666666,0.3,-0.5833333333333334,0.31666666666666665,-0.8071428571428572,0.3333333333333333,-1.0,0.1357142857142857,-0.6666666666666666,0.44285714285714284,-0.5357142857142857,0.3738095238095238,-0.4452380952380952,0.2619047619047619,-0.4714285714285714,0.04523809523809524,-0.5380952380952381,0.3952380952380952,-0.3952380952380952,0.30238095238095236,-0.3261904761904762,0.18571428571428572,-0.3738095238095238,-0.011904761904761904,-0.3761904761904762,0.3261904761904762,-0.2642857142857143,0.25,-0.20952380952380953,0.1357142857142857,-0.2571428571428571,-0.04047619047619048,-0.2119047619047619,0.24523809523809523,-0.12857142857142856,0.1880952380952381,-0.10714285714285714,0.07380952380952381,-0.15714285714285714
0,0.0,0.0,0.20813397129186603,-0.2679425837320574,0.2966507177033493,-0.583732057416268,0.3014354066985646,-0.80622009569378,0.3181818181818182,-1.0,0.12440191387559808,-0.6674641148325359,0.43779904306220097,-0.5358851674641149,0.37320574162679426,-0.4473684210526316,0.2631578947368421,-0.47607655502392343,0.03110047846889952,-0.5406698564593302,0.39473684210526316,-0.39473684210526316,0.3014354066985646,-0.3253588516746411,0.18660287081339713,-0.3708133971291866,-0.0215311004784689,-0.3803827751196172,0.3277511961722488,-0.26555023923444976,0.24880382775119617,-0.20813397129186603,0.13157894736842105,-0.2535885167464115,-0.04784688995215311,-0.21770334928229665,0.24641148325358853,-0.1339712918660287,0.18899521531100477,-0.11004784688995216,0.07177033492822966,-0.15789473684210525
0,0.0,0.0,0.20240963855421687,-0.2674698795180723,0.29397590361445786,-0.5831325301204819,0.30120481927710846,-0.8048192771084337,0.3108433734939759,-1.0,0.11325301204819277,-0.6771084337349398,0.43855421686746987,-0.5325301204819277,0.36626506024096384,-0.44819277108433736,0.25301204819277107,-0.4771084337349398,0.021686746987951807,-0.5469879518072289,0.3927710843373494,-0.39518072289156625,0.2987951807228916,-0.3253012048192771,0.18795180722891566,-0.37349397590361444,-0.03132530120481928,-0.3855421686746988,0.327710843373494,-0.2674698795180723,0.2457831325301205,-0.20963855421686747,0.13012048192771083,-0.25542168674698795,-0.05542168674698795,-0.22409638554216868,0.24096385542168675,-0.13975903614457832,0.18072289156626506,-0.11325301204819277,0.06506024096385542,-0.1614457831325301
0,0.0,0.0,0.19753086419753085,-0.2740740740740741,0.2962962962962963,-0.5925925925925926,0.30864197530864196,-0.8098765432098766,0.3333333333333333,-1.0,0.13333333333333333,-0.6790123456790124,0.45925925925925926,-0.5259259259259259,0.37777777777777777,-0.4469135802469136,0.25679012345679014,-0.4839506172839506,0.03209876543209877,-0.5432098765432098,0.40987654320987654,-0.38765432098765434,0.30617283950617286,-0.32839506172839505,0.18271604938271604,-0.38271604938271603,-0.024691358024691357,-0.3802469135802469,0.33827160493827163,-0.25679012345679014,0.2518518518518518,-0.20493827160493827,0.12839506172839507,-0.254320987654321,-0.05432098765432099,-0.21481481481481482,0.2518518518518518,-0.1308641975308642,0.1925925925925926,-0.10864197530864197,0.0691358024691358,-0.15308641975308643
0,0.0,0.0,0.20595533498759305,-0.2679900744416873,0.31017369727047145,-0.5856079404466501,0.32754342431761785,-0.8039702233250621,0.34987593052109184,-1.0,0.1513647642679901,-0.6774193548387096,0.48883374689826303,-0.5260545905707196,0.4119106699751861,-0.4441687344913151,0.2903225806451613,-0.47146401985111663,0.052109181141439205,-0.5359801488833746,0.4392059553349876,-0.38461538461538464,0.3349875930521092,-0.3200992555831266,0.21339950372208435,-0.369727047146402,-0.004962779156327543,-0.369727047146402,0.36228287841191065,-0.2531017369727047,0.2803970223325062,-0.19851116625310175,0.1588089330024814,-0.24317617866004962,-0.03225806451612903,-0.20347394540942929,0.2729528535980149,-0.12406947890818859,0.21836228287841192,-0.10669975186104218,0.10421836228287841,-0.1488833746898263
0,0.0,0.0,0.20544554455445543,-0.26485148514851486,0.31435643564356436,-0.5816831683168316,0.3316831683168317,-0.806930693069307,0.35148514851485146,-1.0,0.1608910891089109,-0.6707920792079208,0.4900990099009901,-0.5198019801980198,0.4084158415841584,-0.4381188118811881,0.2896039603960396,-0.46782178217821785,0.06188118811881188,-0.5297029702970297,0.4381188118811881,-0.3712871287128713,0.33663366336633666,-0.3118811881188119,0.2202970297029703,-0.3688118811881188,0.0024752475247524753,-0.3613861386138614,0.3589108910891089,-0.24257425742574257,0.2747524752475248,-0.19306930693069307,0.15841584158415842,-0.24257425742574257,-0.0297029702970297,-0.19554455445544555,0.26485148514851486,-0.11386138613861387,0.20544554455445543,-0.09405940594059406,0.0891089108910891,-0.14108910891089108
0,0.0,0.0,0.20240963855421687,-0.26506024096385544,0.3228915662650602,-0.5783132530120482,0.344578313253012,-0.8072289156626506,0.36626506024096384,-1.0,0.1783132530120482,-0.6602409638554216,0.5012048192771085,-0.5156626506024097,0.42650602409638555,-0.43132530120481927,0.3156626506024096,-0.4506024096385542,0.08674698795180723,-0.5277108433734939,0.4506024096385542,-0.3710843373493976,0.3614457831325301,-0.3036144578313253,0.25060240963855424,-0.35180722891566263,0.03132530120481928,-0.363855421686747,0.37349397590361444,-0.2457831325301205,0.29397590361445786,-0.1927710843373494,0.1855421686746988,-0.236144578313253,-0.0024096385542168677,-0.19759036144578312,0.27951807228915665,-0.12048192771084337,0.22409638554216868,-0.0963855421686747,0.1180722891566265,-0.14216867469879518
0,0.0,0.0,0.20941176470588235,-0.27058823529411763,0.34352941176470586,-0.5788235294117647,0.37411764705882355,-0.8094117647058824,0.4047058823529412,-1.0,0.2235294117647059,-0.6564705882352941,0.5411764705882353,-0.5152941176470588,0.46588235294117647,-0.43058823529411766,0.3552941176470588,-0.4470588235294118,0.1388235294117647,-0.5223529411764706,0.49411764705882355,-0.36941176470588233,0.4,-0.3058823529411765,0.2917647058823529,-0.35058823529411764,0.08235294117647059,-0.36,0.41411764705882353,-0.2447058823529412,0.33176470588235296,-0.1976470588235294,0.2235294117647059,-0.24,0.047058823529411764,-0.1952941176470588,0.32,-0.1223529411764706,0.2611764705882353,-0.10588235294117647,0.16,-0.15294117647058825
0,0.0,0.0,0.21140142517814728,-0.27078384798099764,0.35391923990498814,-0.5795724465558195,0.38954869358669836,-0.8076009501187649,0.42042755344418054,-1.0,0.23515439429928742,-0.665083135391924,0.5653206650831354,-0.5225653206650831,0.47980997624703087,-0.44655581947743467,0.36104513064133015,-0.47268408551068886,0.15201900237529692,-0.5273159144893111,0.5154394299287411,-0.3752969121140142,0.41330166270783847,-0.3182897862232779,0.30641330166270786,-0.3681710213776722,0.09738717339667459,-0.3586698337292161,0.4418052256532066,-0.2494061757719715,0.3515439429928741,-0.20665083135391923,0.23990498812351543,-0.2494061757719715,0.0665083135391924,-0.19477434679334918,0.3491686460807601,-0.12826603325415678,0.2850356294536817,-0.11401425178147269,0.18527315914489312,-0.15676959619952494
0,0.0,0.0,0.20286396181384247,-0.2744630071599045,0.35799522673031026,-0.5847255369928401,0.4033412887828162,-0.8162291169451074,0.441527446300716,-1.0,0.2577565632458234,-0.6467780429594272,0.5871121718377088,-0.4988066825775656,0.48448687350835323,-0.4343675417661098,0.360381861575179,-0.4677804295942721,0.17899761336515513,-0.5011933174224343,0.5322195704057279,-0.3460620525059666,0.41766109785202865,-0.3031026252983294,0.3031026252983294,-0.35799522673031026,0.12410501193317422,-0.32935560859188545,0.45823389021479716,-0.22195704057279236,0.35799522673031026,-0.18854415274463007,0.24105011933174225,-0.23627684964200477,0.0883054892601432,-0.16706443914081145,0.36515513126491644,-0.1026252983293556,0.29594272076372313,-0.09307875894988067,0.1957040572792363,-0.1360381861575179
0,0.0,0.0,0.19809069212410502,-0.26968973747016706,0.36515513126491644,-0.5775656324582339,0.4224343675417661,-0.8066825775656324,0.4486873508353222,-1.0,0.2720763723150358,-0.649164677804296,0.6085918854415274,-0.5035799522673031,0.5083532219570406,-0.441527446300716,0.38424821002386633,-0.47494033412887826,0.1909307875894988,-0.5059665871121718,0.5608591885441527,-0.3556085918854415,0.44630071599045346,-0.31026252983293556,0.32935560859188545,-0.3627684964200477,0.14081145584725538,-0.33651551312649164,0.4964200477326969,-0.23627684964200477,0.3937947494033413,-0.20047732696897375,0.27684964200477324,-0.2458233890214797,0.10978520286396182,-0.1766109785202864,0.4033412887828162,-0.12171837708830549,0.33890214797136037,-0.10739856801909307,0.24105011933174225,-0.14558472553699284
0,0.0,0.0,0.18581907090464547,-0.28117359413202936,0.3765281173594132,-0.5819070904645477,0.45965770171149145,-0.8068459657701712,0.48655256723716384,-1.0,0.2982885085574572,-0.6601466992665037,0.6577017114914425,-0.5158924205378973,0.5525672371638142,-0.4547677261613692,0.4229828850855746,-0.48166259168704156,0.22493887530562348,-0.508557457212714,0.6039119804400978,-0.36185819070904646,0.4889975550122249,-0.32273838630806845,0.37163814180929094,-0.3691931540342298,0.1784841075794621,-0.33251833740831294,0.5427872860635696,-0.23471882640586797,0.43276283618581907,-0.20048899755501223,0.3105134474327628,-0.24205378973105135,0.15403422982885084,-0.16625916870415647,0.4449877750611247,-0.1198044009779951,0.37163814180929094,-0.10757946210268948,0.26894865525672373,-0.1393643031784841
0,0.0,0.0,0.1782178217821782,-0.28217821782178215,0.37376237623762376,-0.5816831683168316,0.46534653465346537,-0.8094059405940595,0.49257425742574257,-1.0,0.31683168316831684,-0.6658415841584159,0.6732673267326733,-0.5198019801980198,0.5717821782178217,-0.45792079207920794,0.4405940594059406,-0.4900990099009901,0.24504950495049505,-0.5148514851485149,0.6237623762376238,-0.36633663366336633,0.5099009900990099,-0.32673267326732675,0.3935643564356436,-0.37376237623762376,0.19801980198019803,-0.33663366336633666,0.5594059405940595,-0.23514851485148514,0.4504950495049505,-0.20544554455445543,0.3316831683168317,-0.24752475247524752,0.16831683168316833,-0.16336633663366337,0.4603960396039604,-0.11633663366336634,0.38366336633663367,-0.10643564356435643,0.28217821782178215,-0.13861386138613863
0,0.0,0.0,0.1865671641791045,-0.2810945273631841,0.39054726368159204,-0.5771144278606966,0.48507462686567165,-0.8059701492537313,0.5124378109452736,-1.0,0.3383084577114428,-0.6492537313432836,0.6990049751243781,-0.5024875621890548,0.5945273631840796,-0.43532338308457713,0.4651741293532338,-0.4651741293532338,0.26865671641791045,-0.49502487562189057,0.654228855721393,-0.3383084577114428,0.5373134328358209,-0.29850746268656714,0.42039800995024873,-0.34577114427860695,0.22388059701492538,-0.31592039800995025,0.5895522388059702,-0.2064676616915423,0.47761194029850745,-0.18159203980099503,0.3582089552238806,-0.2263681592039801,0.19651741293532338,-0.14427860696517414,0.48756218905472637,-0.08955223880597014,0.4079601990049751,-0.08208955223880597,0.30845771144278605,-0.11442786069651742
0,0.0,0.0,0.19201995012468828,-0.2817955112219451,0.4139650872817955,-0.5785536159600998,0.5261845386533666,-0.8104738154613467,0.5511221945137157,-1.0,0.3765586034912718,-0.6408977556109726,0.7306733167082294,-0.49625935162094764,0.6209476309226932,-0.4314214463840399,0.486284289276808,-0.46384039900249374,0.3092269326683292,-0.4937655860349127,0.685785536159601,-0.33665835411471323,0.5685785536159601,-0.2967581047381546,0.4538653366583541,-0.34413965087281795,0.26433915211970077,-0.3192019950124688,0.6234413965087282,-0.20448877805486285,0.5112219451371571,-0.17955112219451372,0.3915211970074813,-0.22443890274314215,0.2344139650872818,-0.14962593516209477,0.5261845386533666,-0.08977556109725686,0.4463840399002494,-0.0798004987531172,0.34413965087281795,-0.11471321695760599
0,0.0,0.0,0.19201995012468828,-0.28428927680798005,0.4164588528678304,-0.5810473815461347,0.5261845386533666,-0.8104738154613467,0.5461346633416458,-1.0,0.38403990024937656,-0.6384039900249376,0.7456359102244389,-0.48877805486284287,0.6334164588528678,-0.42144638403990026,0.49875311720698257,-0.456359102244389,0.3167082294264339,-0.48877805486284287,0.6982543640897756,-0.3316708229426434,0.5835411471321695,-0.2967581047381546,0.46384039900249374,-0.33915211970074816,0.2743142144638404,-0.3092269326683292,0.6359102244389028,-0.1970074812967581,0.5311720698254364,-0.17206982543640897,0.4139650872817955,-0.2169576059850374,0.2518703241895262,-0.13466334164588528,0.5486284289276808,-0.08229426433915212,0.47381546134663344,-0.07231920199501247,0.3765586034912718,-0.10224438902743142
0,0.0,0.0,0.1890547263681592,-0.2835820895522388,0.4079601990049751,-0.5796019900497512,0.5223880597014925,-0.8059701492537313,0.5522388059701493,-1.0,0.39054726368159204,-0.6318407960199005,0.7587064676616916,-0.4925373134328358,0.6492537313432836,-0.42039800995024873,0.5124378109452736,-0.4502487562189055,0.32587064676616917,-0.48507462686567165,0.7114427860696517,-0.3308457711442786,0.599502487562189,-0.2935323383084577,0.47761194029850745,-0.3358208955223881,0.2810945273631841,-0.31094527363184077,0.6442786069651741,-0.19402985074626866,0.5348258706467661,-0.17164179104477612,0.4129353233830846,-0.21890547263681592,0.24875621890547264,-0.13930348258706468,0.5497512437810945,-0.07960199004975124,0.46766169154228854,-0.06965174129353234,0.36069651741293535,-0.09950248756218906
0,0.0,0.0,0.19240506329113924,-0.28607594936708863,0.4151898734177215,-0.579746835443038,0.5316455696202531,-0.8075949367088607,0.5569620253164557,-1.0,0.4151898734177215,-0.6253164556962025,0.7873417721518987,-0.47848101265822784,0.6810126582278481,-0.40759493670886077,0.5443037974683544,-0.4379746835443038,0.3493670886075949,-0.47341772151898737,0.739240506329114,-0.31139240506329113,0.6278481012658228,-0.27341772151898736,0.5037974683544304,-0.31645569620253167,0.3037974683544304,-0.28860759493670884,0.6708860759493671,-0.1670886075949367,0.5670886075949367,-0.1468354430379747,0.44556962025316454,-0.19240506329113924,0.27341772151898736,-0.10886075949367088,0.5772151898734177,-0.04810126582278481,0.5012658227848101,-0.04050632911392405,0.39746835443037976,-0.06835443037974684
0,0.0,0.0,0.1913265306122449,-0.2780612244897959,0.42091836734693877,-0.5714285714285714,0.5382653061224489,-0.8035714285714286,0.5637755102040817,-1.0,0.4260204081632653,-0.6045918367346939,0.7959183673469388,-0.45153061224489793,0.6836734693877551,-0.3852040816326531,0.5459183673469388,-0.41836734693877553,0.3596938775510204,-0.45408163265306123,0.7474489795918368,-0.28316326530612246,0.6301020408163265,-0.25,0.5076530612244898,-0.29591836734693877,0.3137755102040816,-0.2755102040816326,0.6785714285714286,-0.14285714285714285,0.5688775510204082,-0.12755102040816327,0.44642857142857145,-0.1760204081632653,0.28061224489795916,-0.09948979591836735,0.5867346938775511,-0.030612244897959183,0.5051020408163265,-0.02295918367346939,0.3979591836734694,-0.05357142857142857
0,0.0,0.0,0.1906005221932115,-0.2793733681462141,0.4255874673629243,-0.5691906005221932,0.5483028720626631,-0.7989556135770235,0.5613577023498695,-1.0,0.44386422976501305,-0.6135770234986945,0.8198433420365535,-0.4464751958224543,0.6997389033942559,-0.38903394255874674,0.556135770234987,-0.4308093994778068,0.37597911227154046,-0.45691906005221933,0.7702349869451697,-0.2819843342036554,0.6449086161879896,-0.2506527415143603,0.5195822454308094,-0.3002610966057441,0.32114882506527415,-0.27154046997389036,0.6971279373368147,-0.13577023498694518,0.5822454308093995,-0.1227154046997389,0.4621409921671018,-0.17493472584856398,0.28720626631853785,-0.08877284595300261,0.5926892950391645,-0.015665796344647518,0.5013054830287206,-0.010443864229765013,0.38903394255874674,-0.04177545691906005
0,0.0,0.0,0.19466666666666665,-0.27466666666666667,0.43733333333333335,-0.5653333333333334,0.5626666666666666,-0.8,0.5813333333333334,-1.0,0.4613333333333333,-0.608,0.8346666666666667,-0.43466666666666665,0.712,-0.37866666666666665,0.5706666666666667,-0.42133333333333334,0.39466666666666667,-0.45066666666666666,0.792,-0.264,0.6613333333333333,-0.23466666666666666,0.536,-0.2853333333333333,0.3466666666666667,-0.2613333333333333,0.7253333333333334,-0.12,0.6053333333333333,-0.10666666666666667,0.4826666666666667,-0.15733333333333333,0.31466666666666665,-0.07466666666666667,0.624,0.0,0.528,0.0026666666666666666,0.41333333333333333,-0.02666666666666667
0,0.0,0.0,0.1876675603217158,-0.27882037533512066,0.4343163538873995,-0.5656836461126006,0.5603217158176944,-0.7962466487935657,0.5764075067024129,-1.0,0.47989276139410186,-0.5924932975871313,0.8471849865951743,-0.4155495978552279,0.7238605898123325,-0.36193029490616624,0.5817694369973191,-0.40482573726541554,0.4128686327077748,-0.4343163538873995,0.8042895442359249,-0.24396782841823056,0.675603217158177,-0.21447721179624665,0.5442359249329759,-0.26273458445040215,0.353887399463807,-0.24664879356568364,0.7292225201072386,-0.10455764075067024,0.6085790884718498,-0.09115281501340483,0.47989276139410186,-0.14209115281501342,0.3109919571045576,-0.058981233243967826,0.6219839142091153,0.01876675603217158,0.5254691689008043,0.021447721179624665,0.4075067024128686,-0.0160857908847185
0,0.0,0.0,0.1837837837837838,-0.27297297297297296,0.43243243243243246,-0.5621621621621622,0.5675675675675675,-0.7945945945945946,0.5864864864864865,-1.0,0.47297297297297297,-0.581081081081081,0.8486486486486486,-0.3945945945945946,0.7324324324324324,-0.34594594594594597,0.5891891891891892,-0.3891891891891892,0.41081081081081083,-0.42162162162162165,0.8081081081081081,-0.22432432432432434,0.6756756756756757,-0.1945945945945946,0.5486486486486486,-0.24324324324324326,0.35945945945945945,-0.23513513513513515,0.7351351351351352,-0.08378378378378379,0.6135135135135135,-0.07027027027027027,0.4837837837837838,-0.12432432432432433,0.3216216216216216,-0.04864864864864865,0.6324324324324324,0.03783783783783784,0.5297297297297298,0.043243243243243246,0.4081081081081081,0.008108108108108109
0,0.0,0.0,0.18699186991869918,-0.2764227642276423,0.43902439024390244,-0.5636856368563685,0.5718157181571816,-0.7967479674796748,0.5934959349593496,-1.0,0.4932249322493225,-0.5772357723577236,0.8590785907859079,-0.3821138211382114,0.7425474254742548,-0.33062330623306235,0.6070460704607046,-0.37398373983739835,0.4281842818428184,-0.42005420054200543,0.8184281842818428,-0.21138211382113822,0.6910569105691057,-0.1842818428184282,0.5582655826558266,-0.23035230352303523,0.3712737127371274,-0.23035230352303523,0.7452574525745257,-0.07588075880758807,0.6233062330623306,-0.05962059620596206,0.4932249322493225,-0.11382113821138211,0.32791327913279134,-0.04065040650406504,0.6422764227642277,0.04878048780487805,0.5420054200542005,0.04878048780487805,0.42005420054200543,0.01084010840108401
0,0.0,0.0,0.18579234972677597,-0.27049180327868855,0.43989071038251365,-0.5573770491803278,0.5765027322404371,-0.7950819672131147,0.6065573770491803,-1.0,0.4972677595628415,-0.5683060109289617,0.8797814207650273,-0.3797814207650273,0.7650273224043715,-0.3224043715846995,0.6284153005464481,-0.36065573770491804,0.43169398907103823,-0.41530054644808745,0.8360655737704918,-0.20491803278688525,0.7049180327868853,-0.1721311475409836,0.5710382513661202,-0.2185792349726776,0.3770491803278688,-0.22950819672131148,0.7595628415300546,-0.06830601092896176,0.6366120218579235,-0.04918032786885246,0.505464480874317,-0.10109289617486339,0.33879781420765026,-0.03551912568306011,0.6557377049180327,0.05737704918032787,0.5519125683060109,0.06284153005464481,0.43169398907103823,0.0273224043715847
0,0.0,0.0,0.18406593406593408,-0.2774725274725275,0.4368131868131868,-0.5659340659340659,0.5741758241758241,-0.7994505494505495,0.5989010989010989,-1.0,0.5054945054945055,-0.5631868131868132,0.8763736263736264,-0.37637362637362637,0.7582417582417582,-0.32967032967032966,0.6208791208791209,-0.37637362637362637,0.4478021978021978,-0.4010989010989011,0.8406593406593407,-0.2032967032967033,0.7115384615384616,-0.17857142857142858,0.5796703296703297,-0.22527472527472528,0.3956043956043956,-0.2087912087912088,0.7664835164835165,-0.06318681318681318,0.6456043956043956,-0.046703296703296704,0.5164835164835165,-0.0989010989010989,0.3543956043956044,-0.016483516483516484,0.6675824175824175,0.06318681318681318,0.5659340659340659,0.06318681318681318,0.44505494505494503,0.024725274725274724
0,0.0,0.0,0.18282548476454294,-0.26869806094182824,0.4376731301939058,-0.556786703601108,0.5789473684210527,-0.7922437673130194,0.6094182825484764,-1.0,0.5124653739612188,-0.5678670360110804,0.8864265927977839,-0.37119113573407203,0.7673130193905817,-0.32132963988919666,0.6343490304709142,-0.3684210526315789,0.4626038781163435,-0.40166204986149584,0.8559556786703602,-0.19113573407202217,0.7202216066481995,-0.1634349030470914,0.5872576177285319,-0.21329639889196675,0.4099722991689751,-0.2077562326869806,0.7839335180055401,-0.04986149584487535,0.6592797783933518,-0.030470914127423823,0.5263157894736842,-0.08310249307479224,0.37119113573407203,-0.008310249307479225,0.6814404432132964,0.07756232686980609,0.5761772853185596,0.08033240997229917,0.45429362880886426,0.0443213296398892
0,0.0,0.0,0.18156424581005587,-0.26536312849162014,0.4329608938547486,-0.5614525139664804,0.5754189944134078,-0.7960893854748603,0.6089385474860335,-1.0,0.5111731843575419,-0.5614525139664804,0.88268156424581,-0.3659217877094972,0.770949720670391,-0.32122905027932963,0.6396648044692738,-0.3715083798882682,0.46089385474860334,-0.39664804469273746,0.8575418994413407,-0.18994413407821228,0.7206703910614525,-0.164804469273743,0.5893854748603352,-0.21787709497206703,0.41620111731843573,-0.2011173184357542,0.7877094972067039,-0.05027932960893855,0.6620111731843575,-0.027932960893854747,0.5307262569832403,-0.08100558659217877,0.37988826815642457,0.002793296089385475,0.6955307262569832,0.08100558659217877,0.5893854748603352,0.08100558659217877,0.4692737430167598,0.0446927374301676
0,0.0,0.0,0.17647058823529413,-0.2661064425770308,0.42857142857142855,-0.5602240896358543,0.5714285714285714,-0.7955182072829131,0.5994397759103641,-1.0,0.5182072829131653,-0.5658263305322129,0.896358543417367,-0.37254901960784315,0.7815126050420168,-0.31932773109243695,0.6498599439775911,-0.36694677871148457,0.47619047619047616,-0.3949579831932773,0.8683473389355743,-0.19327731092436976,0.7310924369747899,-0.16526610644257703,0.5938375350140056,-0.2184873949579832,0.43137254901960786,-0.19607843137254902,0.8011204481792717,-0.05042016806722689,0.6694677871148459,-0.028011204481792718,0.5322128851540616,-0.08123249299719888,0.38935574229691877,0.008403361344537815,0.6974789915966386,0.08683473389355742,0.5910364145658263,0.0896358543417367,0.47058823529411764,0.05042016806722689
0,0.0,0.0,0.17231638418079095,-0.268361581920904,0.4152542372881356,-0.559322033898305,0.5536723163841808,-0.7909604519774012,0.5819209039548022,-1.0,0.5056497175141242,-0.5536723163841808,0.8785310734463276,-0.3615819209039548,0.768361581920904,-0.3163841807909605,0.6384180790960452,-0.3615819209039548,0.4661016949152542,-0.3757062146892655,0.8615819209039548,-0.17796610169491525,0.731638418079096,-0.15254237288135594,0.6016949152542372,-0.2033898305084746,0.4265536723163842,-0.1751412429378531,0.7966101694915254,-0.025423728813559324,0.6694915254237288,-0.00847457627118644,0.536723163841808,-0.062146892655367235,0.3954802259887006,0.02824858757062147,0.7033898305084746,0.10734463276836158,0.5932203389830508,0.11016949152542373,0.4717514124293785,0.06779661016949153
0,0.0,0.0,0.16761363636363635,-0.26420454545454547,0.4119318181818182,-0.5539772727272727,0.5511363636363636,-0.7869318181818182,0.5681818181818182,-1.0,0.5113636363636364,-0.5454545454545454,0.8835227272727273,-0.3522727272727273,0.7755681818181818,-0.3039772727272727,0.6448863636363636,-0.35511363636363635,0.4744318181818182,-0.3664772727272727,0.8664772727272727,-0.16761363636363635,0.7301136363636364,-0.14488636363636365,0.5994318181818182,-0.19886363636363635,0.4318181818181818,-0.16477272727272727,0.7982954545454546,-0.017045454545454544,0.6676136363636364,0.0,0.5340909090909091,-0.056818181818181816,0.3977272727272727,0.04261363636363636,0.7017045454545454,0.11931818181818182,0.5880681818181818,0.11931818181818182,0.4630681818181818,0.07954545454545454
0,0.0,0.0,0.16101694915254236,-0.268361581920904,0.3983050847457627,-0.556497175141243,0.536723163841808,-0.7853107344632768,0.5621468926553672,-1.0,0.4943502824858757,-0.5310734463276836,0.8587570621468926,-0.3531073446327684,0.7598870056497176,-0.307909604519774,0.635593220338983,-0.3502824858757062,0.4604519774011299,-0.3474576271186441,0.8502824858757062,-0.1694915254237288,0.7175141242937854,-0.14689265536723164,0.5847457627118644,-0.192090395480226,0.4265536723163842,-0.14689265536723164,0.7824858757062146,-0.014124293785310734,0.652542372881356,0.0,0.519774011299435,-0.0480225988700565,0.3983050847457627,0.05367231638418079,0.692090395480226,0.12146892655367232,0.5790960451977402,0.11864406779661017,0.4548022598870056,0.0847457627118644
0,0.0,0.0,0.16201117318435754,-0.25977653631284914,0.40782122905027934,-0.5502793296089385,0.547486033519553,-0.7821229050279329,0.5614525139664804,-1.0,0.4860335195530726,-0.5279329608938548,0.8575418994413407,-0.3407821229050279,0.7569832402234636,-0.29329608938547486,0.6340782122905028,-0.3407821229050279,0.44692737430167595,-0.3463687150837989,0.8379888268156425,-0.1564245810055866,0.7039106145251397,-0.1340782122905028,0.5670391061452514,-0.18994413407821228,0.40782122905027934,-0.1452513966480447,0.7653631284916201,-0.00558659217877095,0.6368715083798883,0.008379888268156424,0.5,-0.04748603351955307,0.3743016759776536,0.05307262569832402,0.664804469273743,0.12849162011173185,0.553072625698324,0.13128491620111732,0.4301675977653631,0.09217877094972067
0,0.0,0.0,0.1792717086834734,-0.2661064425770308,0.4425770308123249,-0.5546218487394958,0.5910364145658263,-0.7871148459383753,0.6078431372549019,-1.0,0.5126050420168067,-0.5294117647058824,0.9047619047619048,-0.3389355742296919,0.7955182072829131,-0.29411764705882354,0.6526610644257703,-0.3389355742296919,0.45938375350140054,-0.3473389355742297,0.8711484593837535,-0.1484593837535014,0.7366946778711485,-0.13445378151260504,0.5882352941176471,-0.18487394957983194,0.40896358543417366,-0.14285714285714285,0.7927170868347339,-0.0056022408963585435,0.6638655462184874,0.008403361344537815,0.5182072829131653,-0.04481792717086835,0.3697478991596639,0.06162464985994398,0.6862745098039216,0.13165266106442577,0.5798319327731093,0.12885154061624648,0.45098039215686275,0.09243697478991597
0,0.0,0.0,0.19491525423728814,-0.2570621468926554,0.4604519774011299,-0.5480225988700564,0.6045197740112994,-0.7853107344632768,0.6214689265536724,-1.0,0.5282485875706214,-0.5254237288135594,0.9378531073446328,-0.3305084745762712,0.8163841807909604,-0.288135593220339,0.6694915254237288,-0.3389830508474576,0.4717514124293785,-0.3418079096045198,0.8954802259887006,-0.1384180790960452,0.751412429378531,-0.12429378531073447,0.596045197740113,-0.1807909604519774,0.4180790960451977,-0.13559322033898305,0.8135593220338984,0.005649717514124294,0.6807909604519774,0.01694915254237288,0.5310734463276836,-0.03954802259887006,0.3728813559322034,0.07062146892655367,0.7062146892655368,0.1440677966101695,0.5988700564971752,0.1384180790960452,0.4632768361581921,0.1016949152542373
0,0.0,0.0,0.19662921348314608,-0.25280898876404495,0.4691011235955056,-0.5449438202247191,0.6067415730337079,-0.7837078651685393,0.6235955056179775,-1.0,0.5168539325842697,-0.5337078651685393,0.9325842696629213,-0.33707865168539325,0.8089887640449438,-0.2893258426966292,0.6629213483146067,-0.3398876404494382,0.4550561797752809,-0.3539325842696629,0.8848314606741573,-0.14325842696629212,0.7387640449438202,-0.12359550561797752,0.5870786516853933,-0.17696629213483145,0.3960674157303371,-0.14887640449438203,0.8033707865168539,0.0028089887640449437,0.6713483146067416,0.019662921348314606,0.5224719101123596,-0.03932584269662921,0.34831460674157305,0.056179775280898875,0.6910112359550562,0.1404494382022472,0.5842696629213483,0.13764044943820225,0.449438202247191,0.09831460674157304
0,0.0,0.0,0.20168067226890757,-0.24649859943977592,0.4733893557422969,-0.5378151260504201,0.6134453781512605,-0.7787114845938375,0.6302521008403361,-1.0,0.5014005602240896,-0.5434173669467787,0.9159663865546218,-0.33613445378151263,0.7843137254901961,-0.28851540616246496,0.6442577030812325,-0.3445378151260504,0.4341736694677871,-0.3641456582633053,0.8627450980392157,-0.14565826330532214,0.7142857142857143,-0.13445378151260504,0.5770308123249299,-0.19327731092436976,0.3753501400560224,-0.16246498599439776,0.7787114845938375,0.0028011204481792717,0.6442577030812325,0.008403361344537815,0.5098039215686274,-0.056022408963585436,0.3333333333333333,0.0392156862745098,0.6666666666666666,0.13165266106442577,0.5518207282913166,0.12605042016806722,0.4257703081232493,0.08683473389355742
0,0.0,0.0,0.19889502762430938,-0.2569060773480663,0.4696132596685083,-0.5441988950276243,0.6132596685082873,-0.7817679558011049,0.6325966850828729,-1.0,0.4861878453038674,-0.5469613259668509,0.8922651933701657,-0.3397790055248619,0.7734806629834254,-0.2900552486187845,0.6298342541436464,-0.3370165745856354,0.4143646408839779,-0.3729281767955801,0.8397790055248618,-0.15193370165745856,0.6961325966850829,-0.13812154696132597,0.5552486187845304,-0.19337016574585636,0.35359116022099446,-0.17403314917127072,0.7541436464088398,-0.008287292817679558,0.6243093922651933,-0.0055248618784530384,0.4889502762430939,-0.06353591160220995,0.31215469613259667,0.027624309392265192,0.6408839779005525,0.11602209944751381,0.5359116022099447,0.11049723756906077,0.40607734806629836,0.06906077348066299
0,0.0,0.0,0.20380434782608695,-0.25815217391304346,0.47282608695652173,-0.5407608695652174,0.6086956521739131,-0.7771739130434783,0.6222826086956522,-1.0,0.46467391304347827,-0.5516304347826086,0.8532608695652174,-0.3641304347826087,0.7255434782608695,-0.3125,0.5815217391304348,-0.358695652173913,0.38858695652173914,-0.375,0.8016304347826086,-0.17391304347826086,0.6630434782608695,-0.16032608695652173,0.529891304347826,-0.22282608695652173,0.328804347826087,-0.1766304347826087,0.720108695652174,-0.021739130434782608,0.595108695652174,-0.021739130434782608,0.4673913043478261,-0.08695652173913043,0.28532608695652173,0.01358695652173913,0.6141304347826086,0.10326086956521739,0.5081521739130435,0.09782608695652174,0.3858695652173913,0.059782608695652176
0,0.0,0.0,0.20580474934036938,-0.2532981530343008,0.46701846965699206,-0.5382585751978892,0.5883905013192612,-0.7810026385224275,0.5936675461741425,-1.0,0.43535620052770446,-0.5646437994722955,0.7994722955145118,-0.38786279683377306,0.6728232189973615,-0.32981530343007914,0.5329815303430079,-0.37467018469656993,0.3562005277044855,-0.39577836411609496,0.7493403693931399,-0.20316622691292877,0.6200527704485488,-0.1820580474934037,0.49340369393139843,-0.24010554089709762,0.29023746701846964,-0.20580474934036938,0.6754617414248021,-0.06068601583113457,0.5514511873350924,-0.05013192612137203,0.42744063324538256,-0.11081794195250659,0.24538258575197888,-0.021108179419525065,0.5699208443271768,0.06596306068601583,0.46965699208443273,0.0712401055408971,0.35092348284960423,0.03430079155672823
0,0.0,0.0,0.20876288659793815,-0.2551546391752577,0.4639175257731959,-0.5412371134020618,0.5747422680412371,-0.7783505154639175,0.5824742268041238,-1.0,0.422680412371134,-0.5670103092783505,0.7731958762886598,-0.3917525773195876,0.6494845360824743,-0.3427835051546392,0.5128865979381443,-0.3865979381443299,0.33762886597938147,-0.4020618556701031,0.7242268041237113,-0.21649484536082475,0.5902061855670103,-0.2036082474226804,0.47164948453608246,-0.26804123711340205,0.2757731958762887,-0.21391752577319587,0.6520618556701031,-0.07731958762886598,0.5257731958762887,-0.07474226804123711,0.4072164948453608,-0.13659793814432988,0.2345360824742268,-0.03608247422680412,0.5489690721649485,0.04896907216494845,0.4484536082474227,0.04896907216494845,0.33762886597938147,0.007731958762886598
0,0.0,0.0,0.2159383033419023,-0.2622107969151671,0.4704370179948586,-0.5449871465295629,0.5809768637532133,-0.7789203084832905,0.5809768637532133,-1.0,0.39588688946015427,-0.5784061696658098,0.7583547557840618,-0.40102827763496146,0.6375321336760925,-0.35475578406169667,0.4987146529562982,-0.40102827763496146,0.30848329048843187,-0.40359897172236503,0.699228791773779,-0.2210796915167095,0.5681233933161953,-0.2133676092544987,0.4498714652956298,-0.2776349614395887,0.2467866323907455,-0.21079691516709512,0.6272493573264781,-0.07969151670951156,0.5038560411311054,-0.08226221079691516,0.38817480719794345,-0.14652956298200515,0.2133676092544987,-0.033419023136246784,0.5244215938303342,0.038560411311053984,0.42930591259640105,0.033419023136246784,0.32390745501285345,-0.010282776349614395
0,0.0,0.0,0.21573604060913706,-0.25888324873096447,0.4593908629441624,-0.5482233502538071,0.5609137055837563,-0.7817258883248731,0.5710659898477157,-1.0,0.39086294416243655,-0.5862944162436549,0.7284263959390863,-0.42385786802030456,0.6091370558375635,-0.3730964467005076,0.47715736040609136,-0.41624365482233505,0.30456852791878175,-0.42385786802030456,0.6776649746192893,-0.2512690355329949,0.5482233502538071,-0.233502538071066,0.4289340101522843,-0.2969543147208122,0.2436548223350254,-0.24111675126903553,0.6040609137055838,-0.11421319796954314,0.4873096446700508,-0.1065989847715736,0.3680203045685279,-0.1649746192893401,0.20304568527918782,-0.06598984771573604,0.5025380710659898,0.01015228426395939,0.41116751269035534,0.01015228426395939,0.30456852791878175,-0.03299492385786802
0,0.0,0.0,0.2075,-0.2625,0.44,-0.555,0.54,-0.7875,0.55,-1.0,0.345,-0.605,0.7,-0.45,0.5925,-0.395,0.4625,-0.43,0.2575,-0.435,0.65,-0.275,0.5225,-0.2525,0.405,-0.31,0.2,-0.2475,0.5775,-0.1325,0.46,-0.1225,0.34,-0.18,0.165,-0.0725,0.48,-0.0125,0.3925,-0.0125,0.285,-0.0525
0,0.0,0.0,0.21568627450980393,-0.2647058823529412,0.42892156862745096,-0.5612745098039216,0.5122549019607843,-0.7941176470588235,0.5294117647058824,-1.0,0.3137254901960784,-0.6053921568627451,0.6495098039215687,-0.45588235294117646,0.5416666666666666,-0.4019607843137255,0.4166666666666667,-0.44607843137254904,0.22303921568627452,-0.44362745098039214,0.6029411764705882,-0.2916666666666667,0.4877450980392157,-0.27205882352941174,0.37254901960784315,-0.33088235294117646,0.16666666666666666,-0.2622549019607843,0.5367647058823529,-0.1568627450980392,0.4264705882352941,-0.14215686274509803,0.3112745098039216,-0.19362745098039216,0.13480392156862744,-0.09068627450980392,0.4411764705882353,-0.03431372549019608,0.3627450980392157,-0.03431372549019608,0.25735294117647056,-0.07598039215686274
0,0.0,0.0,0.19951923076923078,-0.2692307692307692,0.39663461538461536,-0.5721153846153846,0.46875,-0.8052884615384616,0.4855769230769231,-1.0,0.27163461538461536,-0.6201923076923077,0.6009615384615384,-0.47836538461538464,0.49759615384615385,-0.4206730769230769,0.375,-0.4567307692307692,0.18269230769230768,-0.4639423076923077,0.5600961538461539,-0.31490384615384615,0.43990384615384615,-0.28365384615384615,0.3245192307692308,-0.3389423076923077,0.12740384615384615,-0.28365384615384615,0.4951923076923077,-0.18269230769230768,0.3894230769230769,-0.15625,0.27163461538461536,-0.20192307692307693,0.0985576923076923,-0.11298076923076923,0.40384615384615385,-0.06009615384615385,0.3317307692307692,-0.04807692307692308,0.23076923076923078,-0.08173076923076923
0,0.0,0.0,0.18969555035128804,-0.2810304449648712,0.3700234192037471,-0.5878220140515222,0.44028103044496486,-0.8173302107728337,0.45433255269320844,-1.0,0.234192037470726,-0.6370023419203747,0.5480093676814989,-0.5058548009367682,0.4566744730679157,-0.4379391100702576,0.3442622950819672,-0.468384074941452,0.14988290398126464,-0.4918032786885246,0.5175644028103045,-0.34894613583138173,0.41451990632318503,-0.30210772833723654,0.3044496487119438,-0.3583138173302108,0.10070257611241218,-0.32084309133489464,0.4566744730679157,-0.22014051522248243,0.3583138173302108,-0.18266978922716628,0.2505854800936768,-0.23185011709601874,0.07494145199063232,-0.15456674473067916,0.36768149882903983,-0.08899297423887588,0.2927400468384075,-0.07494145199063232,0.18969555035128804,-0.12177985948477751
0,0.0,0.0,0.19545454545454546,-0.2727272727272727,0.3522727272727273,-0.5818181818181818,0.40454545454545454,-0.8136363636363636,0.425,-1.0,0.21136363636363636,-0.65,0.5318181818181819,-0.5113636363636364,0.44545454545454544,-0.4340909090909091,0.32727272727272727,-0.4659090909090909,0.12954545454545455,-0.5068181818181818,0.4954545454545455,-0.3659090909090909,0.39545454545454545,-0.31363636363636366,0.2840909090909091,-0.3704545454545455,0.07954545454545454,-0.3386363636363636,0.4318181818181818,-0.2409090909090909,0.3409090909090909,-0.19545454545454546,0.22727272727272727,-0.2431818181818182,0.05227272727272727,-0.17727272727272728,0.3409090909090909,-0.10909090909090909,0.27045454545454545,-0.09545454545454546,0.16363636363636364,-0.14772727272727273
0,0.0,0.0,0.18949771689497716,-0.2785388127853881,0.3470319634703196,-0.5844748858447488,0.3972602739726027,-0.8082191780821918,0.4041095890410959,-1.0,0.1917808219178082,-0.6438356164383562,0.5114155251141552,-0.5,0.4200913242009132,-0.4406392694063927,0.3036529680365297,-0.4771689497716895,0.10730593607305935,-0.5,0.4703196347031963,-0.3584474885844749,0.3584474885844749,-0.319634703196347,0.2465753424657534,-0.3812785388127854,0.05707762557077625,-0.3333333333333333,0.4063926940639269,-0.2328767123287671,0.3036529680365297,-0.19863013698630136,0.18949771689497716,-0.2557077625570776,0.02968036529680365,-0.17579908675799086,0.3082191780821918,-0.1004566210045662,0.22602739726027396,-0.09360730593607305,0.11643835616438356,-0.15296803652968036
0,0.0,0.0,0.18493150684931506,-0.2785388127853881,0.3287671232876712,-0.5844748858447488,0.3698630136986301,-0.8059360730593608,0.3789954337899543,-1.0,0.1872146118721461,-0.6301369863013698,0.4726027397260274,-0.5159817351598174,0.3926940639269406,-0.45662100456621,0.2853881278538813,-0.4931506849315068,0.1050228310502283,-0.4885844748858447,0.4406392694063927,-0.3698630136986301,0.3356164383561644,-0.3287671232876712,0.2237442922374429,-0.3858447488584475,0.0547945205479452,-0.3264840182648402,0.3789954337899543,-0.2374429223744292,0.2831050228310502,-0.2009132420091324,0.17123287671232876,-0.2534246575342466,0.0273972602739726,-0.17123287671232876,0.2945205479452055,-0.1004566210045662,0.2146118721461187,-0.08904109589041095,0.10273972602739725,-0.14383561643835616
0,0.0,0.0,0.1834862385321101,-0.2706422018348624,0.3165137614678899,-0.5802752293577982,0.3486238532110092,-0.8073394495412844,0.3463302752293578,-1.0,0.13990825688073394,-0.6330275229357798,0.44036697247706424,-0.5068807339449541,0.3646788990825688,-0.44036697247706424,0.26146788990825687,-0.47706422018348627,0.05504587155963303,-0.48853211009174313,0.40825688073394495,-0.3646788990825688,0.3119266055045872,-0.3165137614678899,0.20412844036697247,-0.3738532110091743,0.0045871559633027525,-0.32339449541284404,0.35091743119266056,-0.23623853211009174,0.26146788990825687,-0.19495412844036697,0.1536697247706422,-0.24770642201834864,-0.016055045871559634,-0.16743119266055045,0.26605504587155965,-0.09862385321100918,0.19495412844036697,-0.0871559633027523,0.0871559633027523,-0.13990825688073394
1,0.0,0.0,-0.18549511854951187,-0.07252440725244072,-0.38493723849372385,-0.2775453277545328,-0.5523012552301255,-0.400278940027894,-0.708507670850767,-0.43654114365411434,-0.298465829846583,-0.3389121338912134,-0.16317991631799164,-0.595536959553696,-0.11297071129707113,-0.5258019525801952,-0.12552301255230125,-0.4476987447698745,-0.14086471408647142,-0.3124128312412831,-0.023709902370990237,-0.6722454672245467,0.01394700139470014,-0.8605299860529986,0.02789400278940028,-1.0,0.012552301255230125,-0.26220362622036264,0.10599721059972106,-0.5704323570432357,0.09762900976290098,-0.4783821478382148,0.061366806136680614,-0.3695955369595537,0.16736401673640167,-0.21338912133891214,0.20223152022315202,-0.45327754532775455,0.19246861924686193,-0.37656903765690375,0.17154811715481172,-0.27615062761506276
1,0.0,0.0,-0.18662952646239556,-0.08774373259052924,-0.38440111420612816,-0.2841225626740947,-0.5459610027855153,-0.4025069637883008,-0.6866295264623955,-0.435933147632312,-0.29526462395543174,-0.34958217270194986,-0.18245125348189414,-0.6044568245125348,-0.13231197771587744,-0.5389972144846796,-0.14066852367688024,-0.4582172701949861,-0.14206128133704735,-0.3231197771587744,-0.04178272980501393,-0.6810584958217271,-0.006963788300835654,-0.8649025069637883,0.006963788300835654,-1.0,0.011142061281337047,-0.27715877437325903,0.09331476323119778,-0.5779944289693594,0.08774373259052924,-0.4832869080779944,0.054317548746518104,-0.3774373259052925,0.16573816155988857,-0.23259052924791088,0.19220055710306408,-0.467966573816156,0.181058495821727,-0.38857938718662954,0.15877437325905291,-0.2924791086350975
1,0.0,0.0,-0.1917808219178082,-0.09863013698630137,-0.3821917808219178,-0.28904109589041094,-0.5232876712328767,-0.42054794520547945,-0.6547945205479452,-0.46986301369863015,-0.2821917808219178,-0.37123287671232874,-0.16712328767123288,-0.6205479452054794,-0.12054794520547946,-0.5438356164383562,-0.13287671232876713,-0.4506849315068493,-0.12465753424657534,-0.3452054794520548,-0.03287671232876712,-0.689041095890411,-0.00821917808219178,-0.8643835616438356,-0.00410958904109589,-1.0,0.026027397260273973,-0.3,0.09178082191780822,-0.5780821917808219,0.07945205479452055,-0.4904109589041096,0.049315068493150684,-0.3917808219178082,0.17945205479452056,-0.25068493150684934,0.18493150684931506,-0.473972602739726,0.16986301369863013,-0.4,0.15616438356164383,-0.30684931506849317
1,0.0,0.0,-0.1918918918918919,-0.13648648648648648,-0.36486486486486486,-0.3256756756756757,-0.4918918918918919,-0.4581081081081081,-0.6162162162162163,-0.5148648648648648,-0.25,-0.40540540540540543,-0.14594594594594595,-0.65,-0.11081081081081082,-0.577027027027027,-0.12432432432432433,-0.4837837837837838,-0.09324324324324325,-0.3810810810810811,-0.004054054054054054,-0.7121621621621622,0.02027027027027027,-0.8783783783783784,0.033783783783783786,-1.0,0.051351351351351354,-0.33378378378378376,0.11486486486486487,-0.6027027027027027,0.0972972972972973,-0.5202702702702703,0.07027027027027027,-0.4243243243243243,0.19594594594594594,-0.2851351351351351,0.2,-0.5027027027027027,0.18243243243243243,-0.4337837837837838,0.17027027027027028,-0.34459459459459457
1,0.0,0.0,-0.18885869565217392,-0.13858695652173914,-0.358695652173913,-0.33152173913043476,-0.485054347826087,-0.46467391304347827,-0.6154891304347826,-0.5203804347826086,-0.22826086956521738,-0.4076086956521739,-0.12092391304347826,-0.6589673913043478,-0.09510869565217392,-0.5774456521739131,-0.11413043478260869,-0.4741847826086957,-0.06521739130434782,-0.3845108695652174,0.01358695652173913,-0.7160326086956522,0.03804347826086957,-0.8777173913043478,0.051630434782608696,-1.0,0.07880434782608696,-0.3383152173913043,0.1331521739130435,-0.5991847826086957,0.11141304347826086,-0.5163043478260869,0.08288043478260869,-0.422554347826087,0.22010869565217392,-0.2866847826086957,0.21467391304347827,-0.4986413043478261,0.19429347826086957,-0.43070652173913043,0.18206521739130435,-0.34375
1,0.0,0.0,-0.180349932705249,-0.1426648721399731,-0.33781965006729475,-0.34185733512786004,-0.46567967698519513,-0.47510094212651416,-0.5935397039030955,-0.5302826379542396,-0.19515477792732167,-0.41722745625841184,-0.10363391655450875,-0.6635262449528937,-0.08613728129205922,-0.5841184387617766,-0.10363391655450875,-0.47644683714670255,-0.033647375504710635,-0.3943472409152086,0.040376850605652756,-0.7187079407806191,0.07133243606998654,-0.8788694481830417,0.09421265141318977,-1.0,0.10767160161507403,-0.34993270524899056,0.15746971736204576,-0.594885598923284,0.13189771197846567,-0.5154777927321669,0.10228802153432032,-0.4266487213997308,0.24091520861372812,-0.2960969044414536,0.23418573351278602,-0.4979811574697174,0.2126514131897712,-0.4360699865410498,0.19784656796769853,-0.3553162853297443
1,0.0,0.0,-0.18791946308724833,-0.1436241610738255,-0.338255033557047,-0.3395973154362416,-0.46174496644295304,-0.47516778523489933,-0.5865771812080537,-0.5355704697986577,-0.1825503355704698,-0.4147651006711409,-0.09664429530201342,-0.6604026845637584,-0.08993288590604027,-0.5812080536912752,-0.10738255033557047,-0.4738255033557047,-0.013422818791946308,-0.3919463087248322,0.049664429530201344,-0.7181208053691275,0.08053691275167785,-0.8818791946308725,0.10738255033557047,-1.0,0.1261744966442953,-0.34630872483221475,0.1610738255033557,-0.5812080536912752,0.13020134228187918,-0.5046979865771812,0.09664429530201342,-0.42013422818791946,0.25100671140939596,-0.29261744966442954,0.23355704697986576,-0.48590604026845635,0.2,-0.4228187919463087,0.17583892617449665,-0.3436241610738255
1,0.0,0.0,-0.18791946308724833,-0.1476510067114094,-0.33288590604026846,-0.3409395973154362,-0.4577181208053691,-0.47516778523489933,-0.5785234899328859,-0.538255033557047,-0.15838926174496645,-0.4174496644295302,-0.08590604026845637,-0.6550335570469799,-0.08590604026845637,-0.5771812080536913,-0.09932885906040269,-0.4657718120805369,0.008053691275167786,-0.38791946308724834,0.05771812080536913,-0.7140939597315437,0.08187919463087248,-0.8805369127516779,0.1087248322147651,-1.0,0.1436241610738255,-0.3422818791946309,0.16241610738255033,-0.5798657718120805,0.12751677852348994,-0.5100671140939598,0.09798657718120805,-0.42953020134228187,0.26040268456375837,-0.28859060402684567,0.23624161073825503,-0.49261744966442955,0.20134228187919462,-0.4348993288590604,0.17986577181208055,-0.35570469798657717
1,0.0,0.0,-0.19324324324324324,-0.15,-0.33513513513513515,-0.35135135135135137,-0.4581081081081081,-0.4905405405405405,-0.5824324324324325,-0.5527027027027027,-0.1445945945945946,-0.422972972972973,-0.0918918918918919,-0.672972972972973,-0.10540540540540541,-0.5837837837837838,-0.11486486486486487,-0.4702702702702703,0.02702702702702703,-0.39054054054054055,0.06621621621621622,-0.7297297297297297,0.08108108108108109,-0.8878378378378379,0.11351351351351352,-1.0,0.16216216216216217,-0.3418918918918919,0.1635135135135135,-0.5945945945945946,0.11486486486486487,-0.5337837837837838,0.0891891891891892,-0.4540540540540541,0.2743243243243243,-0.2905405405405405,0.23243243243243245,-0.49324324324324326,0.1864864864864865,-0.43108108108108106,0.16891891891891891,-0.34864864864864864
1,0.0,0.0,-0.1906040268456376,-0.15570469798657718,-0.3261744966442953,-0.3530201342281879,-0.4483221476510067,-0.4912751677852349,-0.5704697986577181,-0.5543624161073826,-0.13288590604026845,-0.4268456375838926,-0.07785234899328859,-0.6711409395973155,-0.0953020134228188,-0.5865771812080537,-0.1087248322147651,-0.47248322147651006,0.0348993288590604,-0.3959731543624161,0.0738255033557047,-0.7261744966442953,0.0912751677852349,-0.8885906040268456,0.12348993288590604,-1.0,0.16778523489932887,-0.348993288590604,0.17315436241610738,-0.5879194630872483,0.12348993288590604,-0.5288590604026846,0.0953020134228188,-0.44966442953020136,0.2738255033557047,-0.2966442953020134,0.23624161073825503,-0.4899328859060403,0.19328859060402684,-0.42953020134228187,0.17852348993288591,-0.348993288590604
1,0.0,0.0,-0.1868279569892473,-0.15591397849462366,-0.3172043010752688,-0.35080645161290325,-0.4381720430107527,-0.4932795698924731,-0.5631720430107527,-0.5658602150537635,-0.12231182795698925,-0.41935483870967744,-0.07258064516129033,-0.6706989247311828,-0.08602150537634409,-0.5887096774193549,-0.0967741935483871,-0.47446236559139787,0.04704301075268817,-0.3870967741935484,0.08333333333333333,-0.7311827956989247,0.10618279569892473,-0.8897849462365591,0.14112903225806453,-1.0,0.18010752688172044,-0.34139784946236557,0.18548387096774194,-0.5873655913978495,0.135752688172043,-0.5295698924731183,0.10752688172043011,-0.45026881720430106,0.2862903225806452,-0.28897849462365593,0.25,-0.4879032258064516,0.20833333333333334,-0.4274193548387097,0.19489247311827956,-0.34408602150537637
1,0.0,0.0,-0.18548387096774194,-0.15994623655913978,-0.31451612903225806,-0.34946236559139787,-0.4327956989247312,-0.4932795698924731,-0.5577956989247311,-0.5658602150537635,-0.10752688172043011,-0.40860215053763443,-0.05913978494623656,-0.6599462365591398,-0.07795698924731183,-0.5940860215053764,-0.09005376344086022,-0.4879032258064516,0.06317204301075269,-0.3763440860215054,0.09543010752688172,-0.7231182795698925,0.10752688172043011,-0.8870967741935484,0.13709677419354838,-1.0,0.1975806451612903,-0.33064516129032256,0.20161290322580644,-0.5913978494623656,0.14516129032258066,-0.5456989247311828,0.11424731182795698,-0.47446236559139787,0.30510752688172044,-0.2782258064516129,0.28225806451612906,-0.48655913978494625,0.22983870967741934,-0.43548387096774194,0.20295698924731181,-0.3588709677419355
1,0.0,0.0,-0.1723684210526316,-0.16710526315789473,-0.2868421052631579,-0.35,-0.40131578947368424,-0.49078947368421055,-0.5223684210526316,-0.5618421052631579,-0.060526315789473685,-0.43026315789473685,-0.025,-0.6671052631578948,-0.05526315789473684,-0.5789473684210527,-0.06315789473684211,-0.46842105263157896,0.10657894736842105,-0.3960526315789474,0.12631578947368421,-0.725,0.1355263157894737,-0.8828947368421053,0.16710526315789473,-1.0,0.23157894736842105,-0.3473684210526316,0.21710526315789475,-0.5828947368421052,0.1631578947368421,-0.5368421052631579,0.1368421052631579,-0.46842105263157896,0.325,-0.29210526315789476,0.29078947368421054,-0.4868421052631579,0.2394736842105263,-0.4407894736842105,0.21710526315789475,-0.37236842105263157
1,0.0,0.0,-0.17035110533159947,-0.16384915474642392,-0.2847854356306892,-0.3472041612483745,-0.40182054616384916,-0.49154746423927176,-0.5149544863459038,-0.5604681404421327,-0.055916775032509754,-0.4213263979193758,-0.033810143042912875,-0.6501950585175552,-0.06241872561768531,-0.5721716514954487,-0.06371911573472042,-0.4681404421326398,0.11313394018205461,-0.3914174252275683,0.11703511053315994,-0.7282184655396619,0.12093628088426528,-0.8894668400520156,0.1469440832249675,-1.0,0.23797139141742524,-0.34460338101430427,0.20286085825747724,-0.5890767230169051,0.14564369310793238,-0.5487646293888166,0.11963589076723016,-0.47724317295188556,0.32769830949284784,-0.28998699609882966,0.270481144343303,-0.48634590377113135,0.2106631989596879,-0.45123537061118335,0.1846553966189857,-0.38751625487646296
1,0.0,0.0,-0.17054263565891473,-0.16666666666666666,-0.28294573643410853,-0.3475452196382429,-0.39664082687338503,-0.4896640826873385,-0.5103359173126615,-0.5568475452196382,-0.04521963824289406,-0.41472868217054265,-0.029715762273901807,-0.6408268733850129,-0.06459948320413436,-0.562015503875969,-0.06718346253229975,-0.4573643410852713,0.1227390180878553,-0.3850129198966408,0.12532299741602068,-0.7235142118863049,0.12661498708010335,-0.8888888888888888,0.1511627906976744,-1.0,0.2467700258397933,-0.3385012919896641,0.20671834625322996,-0.5775193798449613,0.14599483204134367,-0.5387596899224806,0.11886304909560723,-0.4689922480620155,0.3333333333333333,-0.28552971576227393,0.27260981912144705,-0.4728682170542636,0.21059431524547803,-0.43410852713178294,0.17958656330749354,-0.3708010335917313
1,0.0,0.0,-0.17413572343149808,-0.16517285531370038,-0.2791293213828425,-0.3495518565941101,-0.3892445582586428,-0.4878361075544174,-0.5096030729833547,-0.5441741357234315,-0.03201024327784891,-0.4199743918053777,-0.026888604353393086,-0.6568501920614597,-0.07170294494238157,-0.5723431498079385,-0.07170294494238157,-0.46350832266325226,0.1357234314980794,-0.3879641485275288,0.13444302176696543,-0.7311139564660691,0.1293213828425096,-0.8898847631241997,0.15620998719590268,-1.0,0.2560819462227913,-0.3405889884763124,0.20742637644046094,-0.586427656850192,0.14212548015364918,-0.5454545454545454,0.1203585147247119,-0.47503201024327785,0.3380281690140845,-0.2893725992317542,0.2740076824583867,-0.4801536491677337,0.2087067861715749,-0.44558258642765686,0.18309859154929578,-0.3866837387964149
1,0.0,0.0,-0.1767741935483871,-0.16516129032258065,-0.28258064516129033,-0.34838709677419355,-0.3935483870967742,-0.49032258064516127,-0.5096774193548387,-0.5561290322580645,-0.027096774193548386,-0.42451612903225805,-0.02838709677419355,-0.6580645161290323,-0.08258064516129032,-0.5716129032258065,-0.08387096774193549,-0.46580645161290324,0.1393548387096774,-0.3935483870967742,0.14709677419354839,-0.7341935483870968,0.14709677419354839,-0.8916129032258064,0.1832258064516129,-1.0,0.25548387096774194,-0.3432258064516129,0.2129032258064516,-0.5832258064516129,0.14193548387096774,-0.5406451612903226,0.12,-0.46838709677419355,0.33548387096774196,-0.2864516129032258,0.27483870967741936,-0.47483870967741937,0.2103225806451613,-0.44,0.18580645161290324,-0.3793548387096774
1,0.0,0.0,-0.18601583113456466,-0.15435356200527706,-0.29023746701846964,-0.341688654353562,-0.3997361477572559,-0.4868073878627968,-0.5263852242744064,-0.5606860158311345,-0.032981530343007916,-0.42216358839050133,-0.018469656992084433,-0.6675461741424802,-0.07519788918205805,-0.5817941952506597,-0.079155672823219,-0.46437994722955145,0.13852242744063326,-0.38786279683377306,0.16226912928759896,-0.7308707124010554,0.16754617414248021,-0.8905013192612137,0.20580474934036938,-1.0,0.2612137203166227,-0.33641160949868076,0.23350923482849603,-0.575197889182058,0.16226912928759896,-0.5329815303430079,0.13720316622691292,-0.46174142480211083,0.35092348284960423,-0.2849604221635884,0.2994722955145119,-0.4762532981530343,0.23746701846965698,-0.4393139841688654,0.21372031662269128,-0.37467018469656993
1,0.0,0.0,-0.18717277486910994,-0.15706806282722513,-0.29581151832460734,-0.34293193717277487,-0.4005235602094241,-0.4856020942408377,-0.5157068062827225,-0.556282722513089,-0.058900523560209424,-0.4005235602094241,-0.03795811518324607,-0.6479057591623036,-0.0824607329842932,-0.5602094240837696,-0.07984293193717278,-0.4489528795811518,0.11387434554973822,-0.36649214659685864,0.14397905759162305,-0.7172774869109948,0.15575916230366493,-0.8835078534031413,0.19895287958115182,-1.0,0.24345549738219896,-0.3193717277486911,0.22774869109947643,-0.5719895287958116,0.16099476439790575,-0.524869109947644,0.13350785340314136,-0.44502617801047123,0.337696335078534,-0.2696335078534031,0.2918848167539267,-0.46465968586387435,0.22905759162303665,-0.4201570680628272,0.20287958115183247,-0.3507853403141361
1,0.0,0.0,-0.18110236220472442,-0.17060367454068243,-0.2952755905511811,-0.3543307086614173,-0.4068241469816273,-0.49081364829396323,-0.5406824146981627,-0.5511811023622047,-0.08005249343832022,-0.41601049868766404,-0.03412073490813648,-0.6535433070866141,-0.06692913385826772,-0.5643044619422573,-0.06692913385826772,-0.45144356955380577,0.09186351706036745,-0.37926509186351703,0.1272965879265092,-0.7217847769028871,0.14566929133858267,-0.8858267716535433,0.19160104986876642,-1.0,0.22178477690288714,-0.32808398950131235,0.23622047244094488,-0.5774278215223098,0.17716535433070865,-0.5380577427821522,0.14566929133858267,-0.4671916010498688,0.32020997375328086,-0.27165354330708663,0.3031496062992126,-0.46194225721784776,0.24540682414698162,-0.4120734908136483,0.2152230971128609,-0.34120734908136485
1,0.0,0.0,-0.18494055482166447,-0.1690885072655218,-0.3051519154557464,-0.3474240422721268,-0.41743725231175693,-0.4900924702774108,-0.5402906208718626,-0.5759577278731837,-0.09379128137384413,-0.4200792602377807,-0.034346103038309116,-0.6644649933949802,-0.05680317040951123,-0.5878467635402906,-0.06472919418758256,-0.47291941875825627,0.071334214002642,-0.3857331571994716,0.11889035667107001,-0.726552179656539,0.13870541611624834,-0.8890356671070013,0.178335535006605,-1.0,0.2047556142668428,-0.3342140026420079,0.22985468956406868,-0.571994715984148,0.178335535006605,-0.5310435931307794,0.14927344782034346,-0.4663143989431968,0.3143989431968296,-0.2760898282694848,0.3130779392338177,-0.4583883751651255,0.2628797886393659,-0.40554821664464996,0.23513870541611626,-0.33553500660501984
1,0.0,0.0,-0.18386243386243387,-0.16137566137566137,-0.3055555555555556,-0.34656084656084657,-0.4166666666666667,-0.48544973544973546,-0.5370370370370371,-0.5555555555555556,-0.10449735449735449,-0.4298941798941799,-0.047619047619047616,-0.6706349206349206,-0.062169312169312166,-0.5912698412698413,-0.06746031746031746,-0.48412698412698413,0.06084656084656084,-0.3955026455026455,0.10846560846560846,-0.7261904761904762,0.13227513227513227,-0.8862433862433863,0.1693121693121693,-1.0,0.18386243386243387,-0.34656084656084657,0.20502645502645503,-0.5806878306878307,0.15476190476190477,-0.541005291005291,0.12169312169312169,-0.4748677248677249,0.28174603174603174,-0.291005291005291,0.26587301587301587,-0.4775132275132275,0.21693121693121692,-0.4298941798941799,0.1865079365079365,-0.3611111111111111
1,0.0,0.0,-0.18635170603674542,-0.15879265091863518,-0.30708661417322836,-0.34908136482939633,-0.4199475065616798,-0.49081364829396323,-0.5393700787401575,-0.5721784776902887,-0.12598425196850394,-0.4461942257217848,-0.06430446194225722,-0.6745406824146981,-0.07742782152230972,-0.5826771653543307,-0.08530183727034121,-0.46981627296587924,0.03937007874015748,-0.41732283464566927,0.08136482939632546,-0.7388451443569554,0.10498687664041995,-0.8923884514435696,0.14041994750656167,-1.0,0.16929133858267717,-0.3661417322834646,0.18635170603674542,-0.5931758530183727,0.14173228346456693,-0.5380577427821522,0.1089238845144357,-0.463254593175853,0.27296587926509186,-0.30577427821522307,0.24146981627296588,-0.4816272965879265,0.19553805774278216,-0.4251968503937008,0.17191601049868765,-0.35170603674540685
1,0.0,0.0,-0.18337730870712401,-0.158311345646438,-0.3034300791556728,-0.35092348284960423,-0.4155672823218997,-0.49340369393139843,-0.5356200527704486,-0.5725593667546174,-0.1266490765171504,-0.4604221635883905,-0.06860158311345646,-0.6675461741424802,-0.08575197889182058,-0.5817941952506597,-0.09498680738786279,-0.4762532981530343,0.036939313984168866,-0.4340369393139842,0.08179419525065963,-0.7387862796833773,0.10422163588390501,-0.8918205804749341,0.13720316622691292,-1.0,0.16754617414248021,-0.3812664907651715,0.18601583113456466,-0.5923482849604221,0.14116094986807387,-0.5316622691292876,0.10817941952506596,-0.4551451187335092,0.27308707124010556,-0.31266490765171506,0.24274406332453827,-0.4762532981530343,0.19788918205804748,-0.4155672823218997,0.1741424802110818,-0.341688654353562
1,0.0,0.0,-0.18438761776581428,-0.1601615074024226,-0.3082099596231494,-0.34589502018842533,-0.4185733512786003,-0.4845222072678331,-0.5343203230148048,-0.5639300134589502,-0.12920592193808883,-0.4629878869448183,-0.059219380888290714,-0.6567967698519516,-0.07133243606998654,-0.5679676985195155,-0.08344549125168237,-0.4629878869448183,0.03633916554508748,-0.44010767160161507,0.08748317631224764,-0.7362045760430687,0.11440107671601615,-0.8882907133243607,0.14670255720053835,-1.0,0.17092866756393002,-0.38627187079407804,0.19784656796769853,-0.5881561238223418,0.15477792732166892,-0.5235531628532974,0.11843876177658143,-0.44414535666218036,0.27994616419919244,-0.31763122476446837,0.2570659488559892,-0.4697173620457604,0.21399730820995963,-0.4064602960969044,0.1857335127860027,-0.3351278600269179
1,0.0,0.0,-0.18604651162790697,-0.1600547195622435,-0.307797537619699,-0.35020519835841313,-0.4172366621067031,-0.4911080711354309,-0.533515731874145,-0.5745554035567716,-0.13953488372093023,-0.4842681258549932,-0.06566347469220246,-0.6716826265389877,-0.06839945280437756,-0.5868673050615595,-0.07934336525307797,-0.4856361149110807,0.027359781121751026,-0.46238030095759236,0.07797537619699042,-0.7428180574555403,0.11080711354309165,-0.8905608755129959,0.14227086183310533,-1.0,0.16415868673050615,-0.4062927496580027,0.18878248974008208,-0.5950752393980848,0.1518467852257182,-0.5253077975376197,0.11491108071135431,-0.4432284541723666,0.2763337893296854,-0.332421340629275,0.2503419972640219,-0.48153214774281805,0.20930232558139536,-0.4158686730506156,0.17920656634746923,-0.3392612859097127
1,0.0,0.0,-0.18356164383561643,-0.16164383561643836,-0.3082191780821918,-0.35205479452054794,-0.4191780821917808,-0.4931506849315068,-0.5356164383561643,-0.5739726027397261,-0.14520547945205478,-0.4904109589041096,-0.06986301369863014,-0.673972602739726,-0.07397260273972603,-0.5876712328767123,-0.09041095890410959,-0.4863013698630137,0.01780821917808219,-0.4712328767123288,0.07534246575342465,-0.7424657534246575,0.11095890410958904,-0.8876712328767123,0.14246575342465753,-1.0,0.1547945205479452,-0.41506849315068495,0.18082191780821918,-0.5945205479452055,0.14657534246575343,-0.5219178082191781,0.1095890410958904,-0.4383561643835616,0.2684931506849315,-0.33972602739726027,0.2465753424657534,-0.48356164383561645,0.20821917808219179,-0.41643835616438357,0.17945205479452056,-0.33972602739726027
1,0.0,0.0,-0.18244170096021947,-0.16186556927297668,-0.3058984910836763,-0.35253772290809327,-0.4156378600823045,-0.49382716049382713,-0.5294924554183813,-0.5802469135802469,-0.15089163237311384,-0.49382716049382713,-0.07133058984910837,-0.6748971193415638,-0.06995884773662552,-0.588477366255144,-0.0850480109739369,-0.48559670781893005,0.010973936899862825,-0.47599451303155005,0.06721536351165981,-0.7448559670781894,0.10425240054869685,-0.887517146776406,0.13580246913580246,-1.0,0.14814814814814814,-0.41838134430727025,0.17832647462277093,-0.598079561042524,0.14814814814814814,-0.5212620027434842,0.1111111111111111,-0.43621399176954734,0.26337448559670784,-0.3401920438957476,0.24554183813443073,-0.4842249657064472,0.20713305898491083,-0.41426611796982166,0.17695473251028807,-0.33607681755829905
1,0.0,0.0,-0.18181818181818182,-0.162534435261708,-0.31129476584022037,-0.3526170798898072,-0.4228650137741047,-0.49449035812672176,-0.5358126721763086,-0.581267217630854,-0.15977961432506887,-0.5,-0.06887052341597796,-0.6776859504132231,-0.06198347107438017,-0.5881542699724518,-0.07713498622589532,-0.48760330578512395,-0.0013774104683195593,-0.4820936639118457,0.06198347107438017,-0.7451790633608816,0.10192837465564739,-0.8870523415977961,0.12947658402203857,-1.0,0.1349862258953168,-0.42424242424242425,0.17355371900826447,-0.5964187327823691,0.14600550964187328,-0.5165289256198347,0.10330578512396695,-0.4297520661157025,0.25206611570247933,-0.3443526170798898,0.2396694214876033,-0.48484848484848486,0.2024793388429752,-0.4132231404958678,0.16666666666666666,-0.3347107438016529
1,0.0,0.0,-0.18219749652294853,-0.16411682892906815,-0.3129346314325452,-0.35048678720445064,-0.4200278164116829,-0.49235048678720444,-0.5299026425591099,-0.5785813630041725,-0.17246175243393602,-0.49791376912378305,-0.06815020862308763,-0.674547983310153,-0.05006954102920723,-0.5841446453407511,-0.06675938803894298,-0.4812239221140473,-0.015299026425591099,-0.48261474269819193,0.0584144645340751,-0.7454798331015299,0.10570236439499305,-0.8873435326842837,0.13351877607788595,-1.0,0.12239221140472879,-0.4283727399165508,0.1780250347705146,-0.6036161335187761,0.1599443671766342,-0.5243393602225312,0.11821974965229486,-0.43532684283727396,0.24756606397774686,-0.3518776077885953,0.24617524339360222,-0.4937413073713491,0.21835883171070933,-0.4242002781641168,0.18497913769123783,-0.34492350486787204
1,0.0,0.0,-0.18030513176144244,-0.1539528432732316,-0.3120665742024965,-0.34257975034674065,-0.42163661581137307,-0.4882108183079057,-0.5312066574202496,-0.5755894590846047,-0.18585298196948682,-0.4826629680998613,-0.08321775312066575,-0.6782246879334258,-0.05825242718446602,-0.5991678224687933,-0.06796116504854369,-0.5048543689320388,-0.033287101248266296,-0.47295423023578365,0.04299583911234397,-0.739251040221914,0.09431345353675451,-0.8862690707350902,0.12205270457697642,-1.0,0.10679611650485436,-0.42995839112343964,0.17198335644937587,-0.6116504854368932,0.1636615811373093,-0.5353675450762829,0.1262135922330097,-0.44660194174757284,0.23300970873786409,-0.36893203883495146,0.24271844660194175,-0.5228848821081831,0.2302357836338419,-0.4563106796116505,0.20527045769764216,-0.3786407766990291
1,0.0,0.0,-0.1793103448275862,-0.15172413793103448,-0.3158620689655172,-0.33655172413793105,-0.4220689655172414,-0.4772413793103448,-0.5310344827586206,-0.5586206896551724,-0.1986206896551724,-0.48137931034482756,-0.08689655172413793,-0.6675862068965517,-0.05931034482758621,-0.5875862068965517,-0.07448275862068965,-0.496551724137931,-0.04827586206896552,-0.4703448275862069,0.03310344827586207,-0.7324137931034482,0.08275862068965517,-0.8786206896551724,0.10896551724137932,-1.0,0.0910344827586207,-0.42344827586206896,0.16689655172413792,-0.6055172413793104,0.15586206896551724,-0.526896551724138,0.11862068965517242,-0.4386206896551724,0.22344827586206897,-0.3544827586206897,0.24275862068965517,-0.503448275862069,0.22482758620689655,-0.43310344827586206,0.1986206896551724,-0.35172413793103446
1,0.0,0.0,-0.17777777777777778,-0.1486111111111111,-0.3194444444444444,-0.3333333333333333,-0.4236111111111111,-0.4708333333333333,-0.5333333333333333,-0.55,-0.20972222222222223,-0.4777777777777778,-0.08333333333333333,-0.6555555555555556,-0.05,-0.5777777777777777,-0.0625,-0.49444444444444446,-0.0625,-0.46944444444444444,0.027777777777777776,-0.7305555555555555,0.0763888888888889,-0.8777777777777778,0.10416666666666667,-1.0,0.07916666666666666,-0.4222222222222222,0.15694444444444444,-0.6125,0.1486111111111111,-0.5333333333333333,0.11388888888888889,-0.44583333333333336,0.21666666666666667,-0.35138888888888886,0.22916666666666666,-0.5055555555555555,0.20972222222222223,-0.43333333333333335,0.18611111111111112,-0.35
1,0.0,0.0,-0.1763085399449036,-0.1446280991735537,-0.3209366391184573,-0.3319559228650138,-0.4256198347107438,-0.47107438016528924,-0.5385674931129476,-0.5495867768595041,-0.22865013774104684,-0.47107438016528924,-0.09504132231404959,-0.6528925619834711,-0.05785123966942149,-0.571625344352617,-0.07162534435261708,-0.48484848484848486,-0.08402203856749312,-0.4628099173553719,0.015151515151515152,-0.7245179063360881,0.0674931129476584,-0.8732782369146006,0.09366391184573003,-1.0,0.05785123966942149,-0.41597796143250687,0.14049586776859505,-0.6129476584022039,0.1349862258953168,-0.5316804407713499,0.10055096418732783,-0.44214876033057854,0.19834710743801653,-0.349862258953168,0.21349862258953167,-0.509641873278237,0.19972451790633608,-0.4380165289256198,0.18044077134986225,-0.35399449035812675
1,0.0,0.0,-0.1673582295988935,-0.13831258644536654,-0.318118948824343,-0.3236514522821577,-0.4287690179806362,-0.4578146611341632,-0.5435684647302904,-0.5297372060857538,-0.2475795297372061,-0.4467496542185339,-0.11203319502074689,-0.6334716459197787,-0.06639004149377593,-0.5601659751037344,-0.07468879668049792,-0.47717842323651455,-0.10511756569847856,-0.43706777316735823,0.0,-0.7123098201936376,0.05394190871369295,-0.8699861687413555,0.08160442600276625,-1.0,0.03872752420470263,-0.3941908713692946,0.1313969571230982,-0.603042876901798,0.12586445366528354,-0.5186721991701245,0.08990318118948824,-0.42738589211618255,0.1839557399723375,-0.3360995850622407,0.21161825726141079,-0.5034578146611342,0.19640387275242047,-0.4287690179806362,0.17427385892116182,-0.343015214384509
1,0.0,0.0,-0.18110236220472442,-0.14803149606299212,-0.3637795275590551,-0.3905511811023622,-0.5118110236220472,-0.5401574803149606,-0.6834645669291338,-0.6,-0.30708661417322836,-0.5149606299212598,-0.08661417322834646,-0.7606299212598425,0.026771653543307086,-0.8015748031496063,0.07716535433070866,-0.831496062992126,-0.14173228346456693,-0.494488188976378,0.0,-0.8047244094488188,0.03937007874015748,-0.9275590551181102,0.047244094488188976,-1.0,0.03464566929133858,-0.4440944881889764,0.16535433070866143,-0.6913385826771653,0.15748031496062992,-0.5921259842519685,0.10708661417322834,-0.48346456692913387,0.2125984251968504,-0.3858267716535433,0.26456692913385826,-0.5763779527559055,0.2409448818897638,-0.47874015748031495,0.2,-0.3779527559055118
1,0.0,0.0,-0.16440422322775264,-0.14177978883861236,-0.34238310708898945,-0.3740573152337858,-0.49321266968325794,-0.5067873303167421,-0.6606334841628959,-0.5490196078431373,-0.3031674208144796,-0.502262443438914,-0.08446455505279035,-0.7767722473604827,0.043740573152337855,-0.8989441930618401,0.12368024132730016,-1.0,-0.16138763197586728,-0.4841628959276018,0.010558069381598794,-0.7843137254901961,0.030165912518853696,-0.8099547511312217,0.012066365007541479,-0.7873303167420814,0.0,-0.43891402714932126,0.15987933634992457,-0.6817496229260935,0.1568627450980392,-0.5716440422322775,0.09803921568627451,-0.45701357466063347,0.17043740573152338,-0.38461538461538464,0.2458521870286576,-0.5656108597285068,0.23076923076923078,-0.46153846153846156,0.18401206636500755,-0.36048265460030166
1,0.0,0.0,-0.15319148936170213,-0.14042553191489363,-0.324822695035461,-0.34893617021276596,-0.4836879432624113,-0.4553191489361702,-0.6468085106382979,-0.4765957446808511,-0.2950354609929078,-0.4652482269503546,-0.09078014184397164,-0.7390070921985815,0.015602836879432624,-0.8851063829787233,0.08936170212765958,-1.0,-0.150354609929078,-0.44113475177304967,0.03404255319148936,-0.7092198581560284,0.029787234042553193,-0.6127659574468085,-0.0070921985815602835,-0.4851063829787234,0.005673758865248227,-0.4,0.14468085106382977,-0.6354609929078014,0.13617021276595745,-0.526241134751773,0.0851063829787234,-0.4127659574468085,0.16453900709219857,-0.3588652482269504,0.2198581560283688,-0.5432624113475177,0.20425531914893616,-0.44680851063829785,0.1702127659574468,-0.3517730496453901
1,0.0,0.0,-0.16016713091922005,-0.13788300835654596,-0.3286908077994429,-0.3412256267409471,-0.4777158774373259,-0.44428969359331477,-0.6225626740947076,-0.46657381615598886,-0.318941504178273,-0.4623955431754875,-0.12116991643454039,-0.7284122562674095,-0.011142061281337047,-0.8774373259052924,0.06685236768802229,-1.0,-0.181058495821727,-0.44986072423398327,0.004178272980501393,-0.7200557103064067,0.019498607242339833,-0.6420612813370473,-0.002785515320334262,-0.5362116991643454,-0.027855153203342618,-0.4206128133704735,0.12674094707520892,-0.6518105849582173,0.12256267409470752,-0.541782729805014,0.07103064066852367,-0.435933147632312,0.12952646239554316,-0.38579387186629527,0.20891364902506965,-0.5557103064066853,0.201949860724234,-0.4554317548746518,0.1713091922005571,-0.362116991643454
1,0.0,0.0,-0.1622746185852982,-0.15117891816920942,-0.3245492371705964,-0.3522884882108183,-0.4590846047156727,-0.4549237170596394,-0.5714285714285714,-0.4798890429958391,-0.3300970873786408,-0.4798890429958391,-0.12482662968099861,-0.7420249653259362,-0.018030513176144243,-0.883495145631068,0.05409153952843273,-1.0,-0.19694868238557559,-0.47156726768377255,-0.0027739251040221915,-0.7350901525658807,0.015256588072122053,-0.6574202496532594,-0.004160887656033287,-0.5589459084604715,-0.044382801664355064,-0.44105409153952846,0.11650485436893204,-0.665742024965326,0.11373092926490985,-0.5547850208044383,0.06657420249653259,-0.4521497919556172,0.11511789181692095,-0.40360610263522884,0.20110957004160887,-0.5631067961165048,0.1955617198335645,-0.4646324549237171,0.1664355062413315,-0.37725381414701803
1,0.0,0.0,-0.1632088520055325,-0.15352697095435686,-0.34716459197787,-0.359612724757953,-0.5186721991701245,-0.4508990318118949,-0.669432918395574,-0.4661134163208852,-0.3070539419087137,-0.47994467496542187,-0.11203319502074689,-0.7441217150760719,-0.006915629322268326,-0.8838174273858921,0.06915629322268327,-1.0,-0.16459197786998617,-0.4578146611341632,0.017980636237897647,-0.7178423236514523,0.019363762102351315,-0.632088520055325,-0.012448132780082987,-0.5214384508990318,-0.011065006915629323,-0.41632088520055327,0.12448132780082988,-0.65283540802213,0.11894882434301521,-0.5463347164591977,0.07883817427385892,-0.4384508990318119,0.14522821576763487,-0.3775933609958506,0.2033195020746888,-0.5504840940525588,0.1950207468879668,-0.4536652835408022,0.17012448132780084,-0.359612724757953
1,0.0,0.0,-0.17765042979942694,-0.15616045845272206,-0.3624641833810888,-0.37392550143266473,-0.5214899713467048,-0.498567335243553,-0.6790830945558739,-0.5315186246418339,-0.3037249283667622,-0.48567335243553006,-0.14613180515759314,-0.7034383954154728,-0.06160458452722063,-0.6833810888252149,-0.03581661891117478,-0.6547277936962751,-0.16332378223495703,-0.47564469914040114,-0.044412607449856735,-0.7636103151862464,-0.0014326647564469914,-0.8982808022922636,0.014326647564469915,-1.0,-0.008595988538681949,-0.4369627507163324,0.0988538681948424,-0.670487106017192,0.09455587392550144,-0.5787965616045845,0.06017191977077364,-0.4813753581661891,0.1504297994269341,-0.38825214899713467,0.19484240687679083,-0.5601719197707736,0.17621776504297995,-0.4699140401146132,0.14756446991404013,-0.38108882521489973
1,0.0,0.0,-0.18082191780821918,-0.14657534246575343,-0.3493150684931507,-0.34383561643835614,-0.4863013698630137,-0.47534246575342465,-0.6219178082191781,-0.5246575342465754,-0.2671232876712329,-0.4643835616438356,-0.14794520547945206,-0.6575342465753424,-0.10410958904109589,-0.5876712328767123,-0.11232876712328767,-0.5041095890410959,-0.11917808219178082,-0.45616438356164385,-0.031506849315068496,-0.7342465753424657,0.0013698630136986301,-0.8821917808219178,0.0136986301369863,-1.0,0.026027397260273973,-0.4123287671232877,0.0958904109589041,-0.6205479452054794,0.0863013698630137,-0.536986301369863,0.057534246575342465,-0.4452054794520548,0.17671232876712328,-0.35342465753424657,0.18493150684931506,-0.5123287671232877,0.16986301369863013,-0.436986301369863,0.15342465753424658,-0.3547945205479452
1,0.0,0.0,-0.18915159944367177,-0.15159944367176634,-0.3518776077885953,-0.34214186369958277,-0.47844228094575797,-0.47705146036161333,-0.6050069541029207,-0.5354659248956884,-0.24478442280945759,-0.4659248956884562,-0.12656467315716272,-0.6634214186369958,-0.0917941585535466,-0.5827538247566064,-0.10292072322670376,-0.48956884561891517,-0.09040333796940195,-0.4561891515994437,-0.008344923504867872,-0.7343532684283728,0.022253129346314324,-0.8817802503477051,0.04033379694019471,-1.0,0.055632823365785816,-0.4102920723226704,0.11821974965229486,-0.6161335187760779,0.10013908205841446,-0.5340751043115438,0.07093184979137691,-0.4422809457579972,0.20027816411682892,-0.34909596662030595,0.20166898470097358,-0.5090403337969402,0.1808066759388039,-0.43671766342141866,0.16550764951321278,-0.3532684283727399
1,0.0,0.0,-0.18482758620689654,-0.1503448275862069,-0.3393103448275862,-0.3406896551724138,-0.46620689655172415,-0.47172413793103446,-0.5903448275862069,-0.5351724137931034,-0.22206896551724137,-0.46620689655172415,-0.11724137931034483,-0.6675862068965517,-0.0896551724137931,-0.593103448275862,-0.10206896551724139,-0.4979310344827586,-0.06620689655172414,-0.4579310344827586,0.008275862068965517,-0.7351724137931035,0.044137931034482755,-0.8841379310344828,0.060689655172413794,-1.0,0.07448275862068965,-0.41379310344827586,0.12689655172413794,-0.6082758620689656,0.11172413793103449,-0.5324137931034483,0.08413793103448276,-0.4482758620689655,0.21379310344827587,-0.35310344827586204,0.20551724137931035,-0.5131034482758621,0.1889655172413793,-0.44689655172413795,0.17655172413793102,-0.3682758620689655
1,0.0,0.0,-0.18775510204081633,-0.1469387755102041,-0.33877551020408164,-0.3333333333333333,-0.46258503401360546,-0.4666666666666667,-0.5836734693877551,-0.5346938775510204,-0.20680272108843537,-0.4598639455782313,-0.12108843537414966,-0.6666666666666666,-0.10476190476190476,-0.5918367346938775,-0.11836734693877551,-0.4884353741496599,-0.04625850340136054,-0.4530612244897959,0.010884353741496598,-0.7333333333333333,0.04081632653061224,-0.8843537414965986,0.05714285714285714,-1.0,0.09387755102040816,-0.41360544217687073,0.1251700680272109,-0.601360544217687,0.11020408163265306,-0.527891156462585,0.08435374149659863,-0.4448979591836735,0.22448979591836735,-0.3564625850340136,0.20408163265306123,-0.5183673469387755,0.18639455782312925,-0.46122448979591835,0.1727891156462585,-0.39183673469387753
1,0.0,0.0,-0.1918918918918919,-0.15135135135135136,-0.33783783783783783,-0.33918918918918917,-0.4608108108108108,-0.47297297297297297,-0.581081081081081,-0.5405405405405406,-0.17702702702702702,-0.4581081081081081,-0.10270270270270271,-0.6621621621621622,-0.10135135135135136,-0.577027027027027,-0.11486486486486487,-0.46621621621621623,-0.013513513513513514,-0.4445945945945946,0.031081081081081083,-0.7337837837837838,0.04864864864864865,-0.8851351351351351,0.06756756756756757,-1.0,0.12297297297297298,-0.4,0.1445945945945946,-0.6040540540540541,0.11486486486486487,-0.5351351351351351,0.09054054054054055,-0.4527027027027027,0.24594594594594596,-0.34054054054054056,0.21486486486486486,-0.504054054054054,0.1864864864864865,-0.44054054054054054,0.17297297297297298,-0.3635135135135135
1,0.0,0.0,-0.19398907103825136,-0.15163934426229508,-0.3360655737704918,-0.3401639344262295,-0.4576502732240437,-0.47404371584699456,-0.5778688524590164,-0.5450819672131147,-0.15846994535519127,-0.44808743169398907,-0.09972677595628415,-0.6639344262295082,-0.10245901639344263,-0.5765027322404371,-0.10792349726775956,-0.4644808743169399,0.01092896174863388,-0.43169398907103823,0.04371584699453552,-0.7390710382513661,0.060109289617486336,-0.8907103825136612,0.0860655737704918,-1.0,0.14754098360655737,-0.3879781420765027,0.15710382513661203,-0.6092896174863388,0.11885245901639344,-0.5423497267759563,0.09153005464480875,-0.4603825136612022,0.26229508196721313,-0.33060109289617484,0.2226775956284153,-0.5081967213114754,0.18579234972677597,-0.4453551912568306,0.17076502732240437,-0.36885245901639346
1,0.0,0.0,-0.19099590723055934,-0.1582537517053206,-0.3219645293315143,-0.34924965893587995,-0.44201909959072305,-0.4870395634379263,-0.5607094133697135,-0.5607094133697135,-0.1364256480218281,-0.4433833560709413,-0.08458390177353342,-0.6671214188267395,-0.0927694406548431,-0.5866302864938608,-0.0941336971350614,-0.4747612551159618,0.03547066848567531,-0.42155525238744884,0.06412005457025921,-0.7394270122783083,0.08185538881309687,-0.8935879945429741,0.1145975443383356,-1.0,0.17053206002728513,-0.3765347885402456,0.17735334242837653,-0.597544338335607,0.13096862210095497,-0.5347885402455662,0.10231923601637108,-0.4542974079126876,0.27967257844474763,-0.32060027285129605,0.23874488403819918,-0.49386084583901774,0.19508867667121418,-0.43656207366984995,0.17462482946793997,-0.36289222373806274
1,0.0,0.0,-0.19099590723055934,-0.15688949522510232,-0.32060027285129605,-0.3478854024556617,-0.43656207366984995,-0.4924965893587995,-0.5566166439290586,-0.5688949522510232,-0.12414733969986358,-0.4379263301500682,-0.08049113233287858,-0.6630286493860846,-0.09140518417462483,-0.5839017735334243,-0.0941336971350614,-0.4747612551159618,0.04638472032742155,-0.41336971350613916,0.07094133697135062,-0.732605729877217,0.0927694406548431,-0.8908594815825375,0.1296043656207367,-1.0,0.18144611186903137,-0.3669849931787176,0.1800818553888131,-0.5879945429740792,0.13233287858117326,-0.5320600272851296,0.10368349249658936,-0.4542974079126876,0.2837653478854025,-0.31105047748976805,0.23601637107776263,-0.48021828103683495,0.19099590723055934,-0.4229195088676671,0.17053206002728513,-0.3506139154160982
1,0.0,0.0,-0.18588873812754408,-0.16010854816824965,-0.3093622795115332,-0.3473541383989145,-0.4287652645861601,-0.4898236092265943,-0.5413839891451832,-0.5671641791044776,-0.09090909090909091,-0.44369063772048845,-0.048846675712347354,-0.6743554952510177,-0.06784260515603799,-0.5943012211668928,-0.07327001356852103,-0.48846675712347354,0.07598371777476255,-0.41383989145183175,0.10312075983717775,-0.7327001356852103,0.12075983717774763,-0.8887381275440976,0.1560379918588874,-1.0,0.20352781546811397,-0.36635006784260515,0.18860244233378562,-0.5915875169606513,0.1383989145183175,-0.5386702849389416,0.11397557666214382,-0.4626865671641791,0.2971506105834464,-0.3093622795115332,0.24423337856173677,-0.49796472184531887,0.19810040705563092,-0.44640434192673,0.18317503392130258,-0.37177747625508817
