0,0.0,0.0,0.20684931506849316,-0.0958904109589041,0.3506849315068493,-0.31643835616438354,0.4,-0.5178082191780822,0.4232876712328767,-0.7013698630136986,0.24383561643835616,-0.5616438356164384,0.2589041095890411,-0.7835616438356164,0.2821917808219178,-0.8972602739726028,0.28493150684931506,-1.0,0.11917808219178082,-0.5684931506849316,0.23835616438356164,-0.7383561643835617,0.2726027397260274,-0.5315068493150685,0.24246575342465754,-0.4041095890410959,0.0013698630136986301,-0.5493150684931507,0.13013698630136986,-0.6835616438356165,0.15205479452054796,-0.4589041095890411,0.10273972602739725,-0.36027397260273974,-0.136986301369863,-0.5041095890410959,0.0,-0.5972602739726027,0.030136986301369864,-0.44931506849315067,-0.019178082191780823,-0.37123287671232874
0,0.0,0.0,0.2112482853223594,-0.09465020576131687,0.3497942386831276,-0.3168724279835391,0.38820301783264743,-0.522633744855967,0.4074074074074074,-0.7078189300411523,0.24828532235939643,-0.5569272976680384,0.25651577503429357,-0.7818930041152263,0.2757201646090535,-0.897119341563786,0.27434842249657065,-1.0,0.12208504801097393,-0.5624142661179699,0.23045267489711935,-0.7366255144032922,0.25925925925925924,-0.5281207133058985,0.22633744855967078,-0.40054869684499317,0.0013717421124828531,-0.5432098765432098,0.11796982167352538,-0.6831275720164609,0.13991769547325103,-0.4567901234567901,0.09190672153635117,-0.35665294924554186,-0.13991769547325103,-0.49657064471879286,-0.010973936899862825,-0.598079561042524,0.0205761316872428,-0.448559670781893,-0.02606310013717421,-0.36899862825788754
0,0.0,0.0,0.21095890410958903,-0.09315068493150686,0.3561643835616438,-0.3178082191780822,0.40136986301369865,-0.5260273972602739,0.4191780821917808,-0.7136986301369863,0.25205479452054796,-0.5589041095890411,0.26301369863013696,-0.7821917808219178,0.28493150684931506,-0.8958904109589041,0.2863013698630137,-1.0,0.1273972602739726,-0.5643835616438356,0.24246575342465754,-0.7383561643835617,0.273972602739726,-0.5287671232876713,0.24246575342465754,-0.40136986301369865,0.00684931506849315,-0.5452054794520548,0.13013698630136986,-0.684931506849315,0.15342465753424658,-0.4575342465753425,0.10547945205479452,-0.3561643835616438,-0.13150684931506848,-0.5,0.00410958904109589,-0.5945205479452055,0.03287671232876712,-0.44246575342465755,-0.0136986301369863,-0.3643835616438356
0,0.0,0.0,0.20488466757123475,-0.09362279511533243,0.34599728629579374,-0.3175033921302578,0.3880597014925373,-0.5210312075983717,0.412483039348711,-0.7014925373134329,0.24151967435549526,-0.5603799185888738,0.2537313432835821,-0.7788331071913162,0.276797829036635,-0.8955223880597015,0.27951153324287653,-1.0,0.11668928086838534,-0.5658073270013568,0.23202170963364993,-0.7354138398914518,0.2645861601085482,-0.5291723202170964,0.23609226594301222,-0.4016282225237449,-0.0013568521031207597,-0.5454545454545454,0.12347354138398914,-0.6784260515603799,0.14654002713704206,-0.4531886024423338,0.10040705563093623,-0.3514246947082768,-0.13975576662143827,-0.49796472184531887,-0.005427408412483039,-0.5970149253731343,0.025780189959294438,-0.4491180461329715,-0.018995929443690638,-0.36906377204884666
0,0.0,0.0,0.20741758241758243,-0.09203296703296704,0.35027472527472525,-0.31456043956043955,0.39697802197802196,-0.5178571428571429,0.42994505494505497,-0.6991758241758241,0.24725274725274726,-0.5631868131868132,0.25961538461538464,-0.7870879120879121,0.2815934065934066,-0.8997252747252747,0.2857142857142857,-1.0,0.12362637362637363,-0.5673076923076923,0.2403846153846154,-0.739010989010989,0.27197802197802196,-0.5288461538461539,0.24175824175824176,-0.4010989010989011,0.004120879120879121,-0.5480769230769231,0.12912087912087913,-0.679945054945055,0.1510989010989011,-0.4532967032967033,0.10302197802197802,-0.35027472527472525,-0.13598901098901098,-0.5013736263736264,-0.0027472527472527475,-0.6002747252747253,0.03021978021978022,-0.45054945054945056,-0.012362637362637362,-0.36813186813186816
0,0.0,0.0,0.2051983584131327,-0.09165526675786594,0.3447332421340629,-0.31874145006839943,0.387140902872777,-0.521203830369357,0.4213406292749658,-0.6963064295485636,0.2421340629274966,-0.560875512995896,0.2558139534883721,-0.7838577291381669,0.27906976744186046,-0.8987688098495212,0.28317373461012313,-1.0,0.11764705882352941,-0.5663474692202463,0.23119015047879618,-0.7318741450068399,0.265389876880985,-0.5266757865937073,0.2393980848153215,-0.4021887824897401,-0.0027359781121751026,-0.5458276333789329,0.12038303693570451,-0.6771545827633378,0.146374829001368,-0.454172366621067,0.10259917920656635,-0.35020519835841313,-0.1409028727770178,-0.4993160054719562,-0.008207934336525308,-0.5964432284541724,0.027359781121751026,-0.45006839945280436,-0.013679890560875513,-0.3693570451436389
0,0.0,0.0,0.20495185694635487,-0.09491059147180192,0.3466299862448418,-0.32324621733149933,0.390646492434663,-0.5281980742778541,0.4236588720770289,-0.7070151306740028,0.2393397524071527,-0.5667125171939478,0.25034387895460797,-0.7895460797799174,0.2751031636863824,-0.9023383768913342,0.28060522696011003,-1.0,0.1155433287482806,-0.5708390646492435,0.2297111416781293,-0.7414030261348006,0.265474552957359,-0.5364511691884457,0.2393397524071527,-0.40852819807427787,-0.0041265474552957355,-0.5502063273727648,0.12242090784044017,-0.6808803301237965,0.14718019257221457,-0.4580467675378267,0.10178817056396149,-0.3535075653370014,-0.14167812929848694,-0.5020632737276479,-0.009628610729023384,-0.5983493810178817,0.024759284731774415,-0.4511691884456671,-0.016506189821182942,-0.3700137551581843
0,0.0,0.0,0.20798898071625344,-0.08953168044077135,0.3512396694214876,-0.3181818181818182,0.39669421487603307,-0.5234159779614325,0.4297520661157025,-0.7038567493112947,0.24517906336088155,-0.5633608815426997,0.25895316804407714,-0.7892561983471075,0.28512396694214875,-0.9022038567493113,0.29201101928374656,-1.0,0.11983471074380166,-0.568870523415978,0.23553719008264462,-0.7424242424242424,0.2713498622589532,-0.5344352617079889,0.24517906336088155,-0.4049586776859504,0.0,-0.5482093663911846,0.12672176308539945,-0.6818181818181818,0.15013774104683195,-0.45454545454545453,0.1046831955922865,-0.349862258953168,-0.13911845730027547,-0.5013774104683195,-0.004132231404958678,-0.5991735537190083,0.028925619834710745,-0.4490358126721763,-0.013774104683195593,-0.36639118457300274
0,0.0,0.0,0.20608575380359612,-0.08575380359612725,0.3499308437067773,-0.31258644536652835,0.3983402489626556,-0.5159059474412172,0.43291839557399725,-0.6984785615491009,0.2503457814661134,-0.5587828492392808,0.2627939142461964,-0.7883817427385892,0.29045643153526973,-0.9017980636237898,0.2987551867219917,-1.0,0.12586445366528354,-0.5656984785615491,0.24343015214384509,-0.739972337482711,0.28077455048409405,-0.5325034578146611,0.25587828492392806,-0.40110650069156295,0.008298755186721992,-0.5463347164591977,0.1313969571230982,-0.6832641770401107,0.15767634854771784,-0.45643153526970953,0.11479944674965421,-0.34854771784232363,-0.13001383125864455,-0.5006915629322268,0.0,-0.5975103734439834,0.03319502074688797,-0.44536652835408025,-0.009681881051175657,-0.3623789764868603
0,0.0,0.0,0.20741758241758243,-0.09203296703296704,0.3475274725274725,-0.3159340659340659,0.39285714285714285,-0.5178571428571429,0.42994505494505497,-0.6964285714285714,0.25,-0.554945054945055,0.25961538461538464,-0.7802197802197802,0.2857142857142857,-0.8983516483516484,0.2925824175824176,-1.0,0.12637362637362637,-0.5604395604395604,0.23901098901098902,-0.7348901098901099,0.2733516483516483,-0.5343406593406593,0.25,-0.4010989010989011,0.008241758241758242,-0.5412087912087912,0.1304945054945055,-0.679945054945055,0.1565934065934066,-0.4574175824175824,0.11538461538461539,-0.3475274725274725,-0.1304945054945055,-0.4958791208791209,0.0,-0.5975274725274725,0.034340659340659344,-0.45054945054945056,-0.0027472527472527475,-0.364010989010989
0,0.0,0.0,0.20741758241758243,-0.09065934065934066,0.3489010989010989,-0.3173076923076923,0.3914835164835165,-0.521978021978022,0.4258241758241758,-0.6978021978021978,0.25,-0.5563186813186813,0.260989010989011,-0.7802197802197802,0.2857142857142857,-0.896978021978022,0.29120879120879123,-1.0,0.125,-0.5618131868131868,0.23763736263736263,-0.7321428571428571,0.2706043956043956,-0.5315934065934066,0.2445054945054945,-0.4024725274725275,0.006868131868131868,-0.5425824175824175,0.12637362637362637,-0.6785714285714286,0.1510989010989011,-0.4574175824175824,0.10989010989010989,-0.35027472527472525,-0.13186813186813187,-0.49862637362637363,-0.0027472527472527475,-0.5989010989010989,0.03296703296703297,-0.4532967032967033,-0.004120879120879121,-0.3695054945054945
1,0.0,0.0,0.1781140861466822,-0.050058207217694994,0.2968568102444703,-0.22933643771827705,0.3131548311990687,-0.42258440046565776,0.2549476135040745,-0.5785797438882422,0.26542491268917345,-0.43771827706635624,0.3445867287543655,-0.6391152502910361,0.37718277066356226,-0.7520372526193247,0.39930151338766007,-0.8637951105937136,0.14318975552968569,-0.4819557625145518,0.1362048894062864,-0.7473806752037253,0.12689173457508732,-0.8789289871944121,0.11757857974388825,-1.0,0.034924330616996506,-0.470314318975553,0.10128055878928988,-0.6798603026775321,0.1559953434225844,-0.5180442374854481,0.17229336437718276,-0.3969732246798603,-0.059371362048894066,-0.4074505238649593,0.03841676367869616,-0.5238649592549476,0.09080325960419092,-0.4039580908032596,0.09662398137369034,-0.2968568102444703
1,0.0,0.0,0.17660818713450294,-0.05497076023391813,0.2935672514619883,-0.22690058479532163,0.3157894736842105,-0.4198830409356725,0.2584795321637427,-0.5754385964912281,0.26900584795321636,-0.447953216374269,0.3485380116959064,-0.6421052631578947,0.38362573099415204,-0.7543859649122807,0.408187134502924,-0.8643274853801169,0.14619883040935672,-0.49005847953216375,0.13801169590643275,-0.7497076023391813,0.1286549707602339,-0.8771929824561403,0.12046783625730995,-1.0,0.03742690058479532,-0.4760233918128655,0.10292397660818714,-0.6807017543859649,0.15906432748538013,-0.5169590643274854,0.1742690058479532,-0.39883040935672515,-0.05497076023391813,-0.4093567251461988,0.04327485380116959,-0.5274853801169591,0.09824561403508772,-0.4093567251461988,0.10526315789473684,-0.30292397660818715
1,0.0,0.0,0.17386231038506417,-0.05367561260210035,0.2893815635939323,-0.22403733955659277,0.30921820303383896,-0.41540256709451573,0.2508751458576429,-0.5705950991831972,0.2637106184364061,-0.4492415402567094,0.3418903150525088,-0.6429404900816803,0.37689614935822635,-0.7549591598599766,0.4014002333722287,-0.8646441073512252,0.1411901983663944,-0.49008168028004667,0.1306884480746791,-0.750291715285881,0.12018669778296383,-0.8786464410735122,0.11435239206534423,-1.0,0.03267211201866978,-0.4749124854142357,0.09568261376896149,-0.6791131855309218,0.1528588098016336,-0.5192532088681447,0.17036172695449242,-0.4014002333722287,-0.059509918319719954,-0.40606767794632437,0.03733955659276546,-0.5215869311551925,0.09218203033838973,-0.40373395565927656,0.10035005834305717,-0.29638273045507585
1,0.0,0.0,0.1764018691588785,-0.04906542056074766,0.29439252336448596,-0.22313084112149534,0.3107476635514019,-0.411214953271028,0.2546728971962617,-0.5665887850467289,0.26635514018691586,-0.44742990654205606,0.3422897196261682,-0.6413551401869159,0.375,-0.7535046728971962,0.397196261682243,-0.8621495327102804,0.14369158878504673,-0.4894859813084112,0.13200934579439252,-0.7488317757009346,0.12149532710280374,-0.8808411214953271,0.11098130841121495,-1.0,0.03387850467289719,-0.47313084112149534,0.09579439252336448,-0.6728971962616822,0.15186915887850466,-0.5198598130841121,0.16822429906542055,-0.40186915887850466,-0.05957943925233645,-0.40654205607476634,0.0397196261682243,-0.5186915887850467,0.09579439252336448,-0.40186915887850466,0.10514018691588785,-0.2955607476635514
1,0.0,0.0,0.17386231038506417,-0.05367561260210035,0.29054842473745623,-0.22637106184364061,0.3103850641773629,-0.4130688448074679,0.25670945157526254,-0.5694282380396732,0.26487747957992996,-0.4492415402567094,0.338389731621937,-0.6406067677946324,0.37222870478413067,-0.7526254375729288,0.39556592765460913,-0.8611435239206534,0.14352392065344224,-0.49008168028004667,0.1295215869311552,-0.7479579929988331,0.11901983663943991,-0.8798133022170361,0.10968494749124855,-1.0,0.03500583430571762,-0.47374562427071176,0.09451575262543757,-0.67561260210035,0.1516919486581097,-0.5239206534422404,0.16802800466744458,-0.40606767794632437,-0.060676779463243874,-0.40840140023337224,0.03500583430571762,-0.5215869311551925,0.09334889148191365,-0.40956826137689617,0.10501750291715285,-0.3033838973162194
1,0.0,0.0,0.175990675990676,-0.053613053613053616,0.2937062937062937,-0.22727272727272727,0.31002331002331,-0.4149184149184149,0.2540792540792541,-0.5687645687645687,0.26573426573426573,-0.45104895104895104,0.34032634032634035,-0.6445221445221445,0.3741258741258741,-0.7564102564102564,0.3974358974358974,-0.8648018648018648,0.14335664335664336,-0.49184149184149184,0.1317016317016317,-0.7494172494172494,0.12237762237762238,-0.8811188811188811,0.11421911421911422,-1.0,0.03496503496503497,-0.4755244755244755,0.09673659673659674,-0.6736596736596736,0.15384615384615385,-0.5221445221445221,0.17132867132867133,-0.40442890442890445,-0.05944055944055944,-0.40792540792540793,0.039627039627039624,-0.5256410256410257,0.09673659673659674,-0.4125874125874126,0.10722610722610723,-0.3041958041958042
1,0.0,0.0,0.17345750873108265,-0.0570430733410943,0.28754365541327126,-0.2281722933643772,0.3061699650756694,-0.41559953434225844,0.25145518044237486,-0.570430733410943,0.2607683352735739,-0.45168800931315484,0.3341094295692666,-0.6437718277066357,0.3690337601862631,-0.7543655413271245,0.39231664726426074,-0.8626309662398137,0.1408614668218859,-0.49243306169965073,0.12922002328288706,-0.7485448195576252,0.119906868451688,-0.8789289871944121,0.11175785797438882,-1.0,0.033760186263096625,-0.47613504074505236,0.09429569266589057,-0.6752037252619325,0.15250291036088476,-0.5203725261932479,0.16880093131548313,-0.4039580908032596,-0.059371362048894066,-0.4074505238649593,0.037252619324796274,-0.5273573923166472,0.09545983701979045,-0.41443538998835855,0.10593713620488941,-0.3084982537834691
1,0.0,0.0,0.17462165308498254,-0.0570430733410943,0.28870779976717115,-0.22933643771827705,0.3073341094295693,-0.41443538998835855,0.25145518044237486,-0.5692665890570431,0.2607683352735739,-0.4528521536670547,0.3317811408614668,-0.6437718277066357,0.36437718277066355,-0.7543655413271245,0.38649592549476136,-0.8614668218859138,0.1408614668218859,-0.4912689173457509,0.1280558789289872,-0.7462165308498254,0.119906868451688,-0.8777648428405123,0.11059371362048893,-1.0,0.033760186263096625,-0.47380675203725264,0.0919674039580908,-0.6740395809080326,0.15366705471478465,-0.5203725261932479,0.17345750873108265,-0.40162980209545984,-0.05820721769499418,-0.4062863795110594,0.037252619324796274,-0.5227008149010477,0.0989522700814901,-0.4121071012805588,0.11175785797438882,-0.3073341094295693
1,0.0,0.0,0.17269544924154026,-0.057176196032672114,0.28354725787631274,-0.22870478413068845,0.30221703617269546,-0.411901983663944,0.2508751458576429,-0.5682613768961493,0.2590431738623104,-0.4574095682613769,0.3278879813302217,-0.6441073512252042,0.3605600933488915,-0.7537922987164527,0.38156359393232203,-0.8611435239206534,0.13885647607934656,-0.49474912485414235,0.12485414235705951,-0.7467911318553092,0.11668611435239207,-0.8786464410735122,0.10618436406067679,-1.0,0.030338389731621937,-0.47607934655775963,0.08751458576429405,-0.6744457409568262,0.14935822637106183,-0.5180863477246208,0.1691948658109685,-0.3990665110851809,-0.061843640606767794,-0.40840140023337224,0.0338389731621937,-0.5227537922987164,0.09801633605600933,-0.411901983663944,0.11551925320886815,-0.30921820303383896
1,0.0,0.0,0.1794871794871795,-0.05244755244755245,0.2948717948717949,-0.22261072261072262,0.3123543123543124,-0.4090909090909091,0.25874125874125875,-0.5675990675990676,0.26573426573426573,-0.44988344988344986,0.3344988344988345,-0.6421911421911422,0.36596736596736595,-0.754079254079254,0.3881118881118881,-0.8636363636363636,0.1456876456876457,-0.48951048951048953,0.13286713286713286,-0.745920745920746,0.12354312354312354,-0.8787878787878788,0.11305361305361306,-1.0,0.037296037296037296,-0.47202797202797203,0.0979020979020979,-0.6736596736596736,0.15967365967365968,-0.5174825174825175,0.18065268065268064,-0.3997668997668998,-0.054778554778554776,-0.40326340326340326,0.04312354312354312,-0.5221445221445221,0.10372960372960373,-0.41025641025641024,0.11655011655011654,-0.3041958041958042
1,0.0,0.0,0.17865429234338748,-0.05916473317865429,0.29118329466357307,-0.22621809744779584,0.31206496519721577,-0.41299303944315546,0.25870069605568446,-0.5672853828306265,0.2679814385150812,-0.4547563805104408,0.33874709976798145,-0.6461716937354989,0.3700696055684455,-0.7587006960556845,0.38979118329466356,-0.8665893271461717,0.14733178654292342,-0.494199535962877,0.1345707656612529,-0.7470997679814385,0.12412993039443156,-0.8781902552204176,0.1148491879350348,-1.0,0.04060324825986079,-0.4767981438515081,0.0962877030162413,-0.6786542923433875,0.1531322505800464,-0.5232018561484919,0.1716937354988399,-0.4048723897911833,-0.05336426914153132,-0.4071925754060325,0.04060324825986079,-0.531322505800464,0.10208816705336426,-0.419953596287703,0.11600928074245939,-0.31322505800464034
2,0.0,0.0,0.33539094650205764,-0.06790123456790123,0.6049382716049383,-0.41975308641975306,0.7057613168724279,-0.7530864197530864,0.7160493827160493,-1.0,0.43621399176954734,-0.7613168724279835,0.5576131687242798,-0.9259259259259259,0.48559670781893005,-0.6316872427983539,0.4053497942386831,-0.5493827160493827,0.23868312757201646,-0.7654320987654321,0.37448559670781895,-0.948559670781893,0.3230452674897119,-0.5823045267489712,0.25102880658436216,-0.5329218106995884,0.043209876543209874,-0.7386831275720165,0.18518518518518517,-0.9135802469135802,0.16666666666666666,-0.5555555555555556,0.08436213991769548,-0.4897119341563786,-0.1419753086419753,-0.7098765432098766,-0.006172839506172839,-0.757201646090535,-0.00411522633744856,-0.49176954732510286,-0.08436213991769548,-0.44650205761316875
2,0.0,0.0,0.3347107438016529,-0.08057851239669421,0.6033057851239669,-0.42768595041322316,0.7024793388429752,-0.756198347107438,0.7252066115702479,-1.0,0.4194214876033058,-0.7747933884297521,0.5454545454545454,-0.9297520661157025,0.4690082644628099,-0.6384297520661157,0.38636363636363635,-0.5578512396694215,0.2231404958677686,-0.7747933884297521,0.36363636363636365,-0.9545454545454546,0.3119834710743802,-0.5867768595041323,0.23760330578512398,-0.5413223140495868,0.028925619834710745,-0.7479338842975206,0.1756198347107438,-0.9152892561983471,0.15702479338842976,-0.5557851239669421,0.0743801652892562,-0.493801652892562,-0.15495867768595042,-0.7148760330578512,-0.012396694214876033,-0.7665289256198347,-0.010330578512396695,-0.5041322314049587,-0.09090909090909091,-0.45867768595041325
2,0.0,0.0,0.33611691022964507,-0.07724425887265135,0.6116910229645094,-0.4279749478079332,0.7181628392484343,-0.755741127348643,0.7223382045929019,-1.0,0.4321503131524008,-0.7703549060542797,0.5594989561586639,-0.9311064718162839,0.48434237995824636,-0.6367432150313153,0.40501043841336115,-0.5594989561586639,0.22755741127348644,-0.7703549060542797,0.3653444676409186,-0.9561586638830898,0.31524008350730687,-0.5866388308977035,0.24008350730688935,-0.5407098121085595,0.027139874739039668,-0.7432150313152401,0.17118997912317327,-0.9144050104384134,0.15657620041753653,-0.5532359081419624,0.0709812108559499,-0.4906054279749478,-0.1649269311064718,-0.7098121085594989,-0.020876826722338204,-0.7661795407098121,-0.014613778705636743,-0.5010438413361169,-0.09603340292275574,-0.4592901878914405
2,0.0,0.0,0.3375,-0.06875,0.6125,-0.42083333333333334,0.7145833333333333,-0.7541666666666667,0.725,-1.0,0.4375,-0.7604166666666666,0.5625,-0.925,0.4875,-0.63125,0.40625,-0.55,0.23541666666666666,-0.7666666666666667,0.3729166666666667,-0.95,0.31875,-0.5833333333333334,0.24375,-0.5375,0.0375,-0.74375,0.18125,-0.9145833333333333,0.1625,-0.5541666666666667,0.07708333333333334,-0.4895833333333333,-0.15416666666666667,-0.7145833333333333,-0.0125,-0.7666666666666667,-0.00625,-0.5041666666666667,-0.0875,-0.46041666666666664
2,0.0,0.0,0.33613445378151263,-0.06512605042016807,0.615546218487395,-0.42016806722689076,0.7205882352941176,-0.7584033613445378,0.726890756302521,-1.0,0.43487394957983194,-0.7689075630252101,0.5630252100840336,-0.9369747899159664,0.48739495798319327,-0.6407563025210085,0.40756302521008403,-0.5588235294117647,0.23319327731092437,-0.7752100840336135,0.37184873949579833,-0.957983193277311,0.31932773109243695,-0.5819327731092437,0.24579831932773108,-0.5357142857142857,0.031512605042016806,-0.75,0.17857142857142858,-0.9222689075630253,0.16176470588235295,-0.5525210084033614,0.07563025210084033,-0.4852941176470588,-0.15966386554621848,-0.7205882352941176,-0.01680672268907563,-0.7710084033613446,-0.01050420168067227,-0.5021008403361344,-0.08823529411764706,-0.4579831932773109
2,0.0,0.0,0.33402922755741127,-0.06263048016701461,0.615866388308977,-0.4175365344467641,0.7181628392484343,-0.755741127348643,0.7181628392484343,-1.0,0.4363256784968685,-0.755741127348643,0.5615866388308977,-0.9248434237995825,0.4906054279749478,-0.6283924843423799,0.4133611691022965,-0.5490605427974948,0.2359081419624217,-0.7640918580375783,0.37160751565762007,-0.9519832985386222,0.31941544885177453,-0.5803757828810021,0.24634655532359082,-0.534446764091858,0.03549060542797495,-0.7432150313152401,0.17745302713987474,-0.918580375782881,0.16075156576200417,-0.5532359081419624,0.07515657620041753,-0.48643006263048016,-0.15657620041753653,-0.7181628392484343,-0.012526096033402923,-0.7724425887265136,-0.008350730688935281,-0.5031315240083507,-0.08977035490605428,-0.4572025052192067
2,0.0,0.0,0.33403361344537813,-0.06092436974789916,0.615546218487395,-0.4180672268907563,0.7205882352941176,-0.7584033613445378,0.726890756302521,-1.0,0.4369747899159664,-0.7668067226890757,0.5630252100840336,-0.9264705882352942,0.4831932773109244,-0.6302521008403361,0.40336134453781514,-0.5567226890756303,0.23109243697478993,-0.7710084033613446,0.3739495798319328,-0.9516806722689075,0.3172268907563025,-0.5756302521008403,0.24369747899159663,-0.5378151260504201,0.03361344537815126,-0.7478991596638656,0.18067226890756302,-0.9138655462184874,0.16176470588235295,-0.5441176470588235,0.07563025210084033,-0.4852941176470588,-0.15546218487394958,-0.7226890756302521,-0.012605042016806723,-0.7689075630252101,-0.0063025210084033615,-0.5,-0.0861344537815126,-0.46218487394957986
2,0.0,0.0,0.3382663847780127,-0.052854122621564484,0.6236786469344608,-0.4143763213530655,0.7251585623678647,-0.758985200845666,0.7251585623678647,-1.0,0.4418604651162791,-0.758985200845666,0.5708245243128964,-0.9281183932346723,0.49471458773784355,-0.6300211416490487,0.4143763213530655,-0.5496828752642706,0.23890063424947147,-0.7674418604651163,0.3763213530655391,-0.9556025369978859,0.32346723044397463,-0.5771670190274841,0.24947145877378435,-0.5285412262156448,0.040169133192389,-0.7484143763213531,0.18181818181818182,-0.9238900634249472,0.1649048625792812,-0.5496828752642706,0.080338266384778,-0.4799154334038055,-0.15010570824524314,-0.7230443974630021,-0.010570824524312896,-0.7716701902748414,-0.006342494714587738,-0.4989429175475687,-0.08668076109936575,-0.452431289640592
2,0.0,0.0,0.3333333333333333,-0.05870020964360587,0.6121593291404612,-0.41509433962264153,0.7169811320754716,-0.7568134171907757,0.7232704402515723,-1.0,0.43186582809224316,-0.7568134171907757,0.5576519916142557,-0.9203354297693921,0.480083857442348,-0.6247379454926625,0.39832285115303984,-0.549266247379455,0.23060796645702306,-0.7610062893081762,0.3689727463312369,-0.9475890985324947,0.31446540880503143,-0.5723270440251572,0.24109014675052412,-0.5303983228511531,0.033542976939203356,-0.7379454926624738,0.17819706498951782,-0.9140461215932913,0.15932914046121593,-0.5450733752620545,0.07337526205450734,-0.48218029350104824,-0.1530398322851153,-0.7127882599580713,-0.014675052410901468,-0.7631027253668763,-0.008385744234800839,-0.4947589098532495,-0.0880503144654088,-0.4549266247379455
2,0.0,0.0,0.33263157894736844,-0.04842105263157895,0.6147368421052631,-0.4063157894736842,0.7157894736842105,-0.7536842105263157,0.7178947368421053,-1.0,0.44,-0.751578947368421,0.5621052631578948,-0.92,0.4863157894736842,-0.6210526315789474,0.40842105263157896,-0.5452631578947369,0.23578947368421052,-0.76,0.3705263157894737,-0.9473684210526315,0.3136842105263158,-0.5663157894736842,0.24210526315789474,-0.5263157894736842,0.03368421052631579,-0.7410526315789474,0.17684210526315788,-0.9157894736842105,0.15789473684210525,-0.5410526315789473,0.06947368421052631,-0.47789473684210526,-0.16,-0.72,-0.021052631578947368,-0.7705263157894737,-0.01263157894736842,-0.49894736842105264,-0.09263157894736843,-0.4589473684210526
2,0.0,0.0,0.33473684210526317,-0.04842105263157895,0.6168421052631579,-0.4063157894736842,0.72,-0.751578947368421,0.72,-1.0,0.4421052631578947,-0.7494736842105263,0.5684210526315789,-0.9157894736842105,0.4926315789473684,-0.6189473684210526,0.4126315789473684,-0.5431578947368421,0.24,-0.76,0.37684210526315787,-0.9452631578947368,0.32,-0.5663157894736842,0.24421052631578946,-0.5221052631578947,0.037894736842105266,-0.7431578947368421,0.1831578947368421,-0.9157894736842105,0.16210526315789472,-0.5431578947368421,0.07368421052631578,-0.47789473684210526,-0.15368421052631578,-0.72,-0.01263157894736842,-0.7684210526315789,-0.008421052631578947,-0.4968421052631579,-0.08842105263157894,-0.45263157894736844
3,0.0,0.0,0.31494252873563217,-0.12643678160919541,0.4896551724137931,-0.367816091954023,0.6114942528735632,-0.5632183908045977,0.7011494252873564,-0.7149425287356321,0.3057471264367816,-0.7540229885057471,0.5218390804597701,-0.9770114942528736,0.6252873563218391,-0.8160919540229885,0.6,-0.6942528735632184,0.25057471264367814,-0.7885057471264367,0.5816091954022988,-1.0,0.6689655172413793,-0.7586206896551724,0.593103448275862,-0.6,0.2160919540229885,-0.8045977011494253,0.6,-0.9448275862068966,0.6528735632183909,-0.6689655172413793,0.5471264367816092,-0.5149425287356322,0.20919540229885059,-0.7862068965517242,0.5908045977011495,-0.871264367816092,0.6505747126436782,-0.6781609195402298,0.5632183908045977,-0.542528735632184
3,0.0,0.0,0.3225806451612903,-0.10829493087557604,0.49078341013824883,-0.3387096774193548,0.6013824884792627,-0.5230414746543779,0.684331797235023,-0.6658986175115207,0.3248847926267281,-0.7465437788018433,0.5299539170506913,-0.9769585253456221,0.6405529953917051,-0.8525345622119815,0.6290322580645161,-0.7488479262672811,0.2626728110599078,-0.7857142857142857,0.5944700460829493,-1.0,0.6889400921658986,-0.7788018433179723,0.6290322580645161,-0.6152073732718893,0.22119815668202766,-0.804147465437788,0.6105990783410138,-0.9493087557603687,0.6797235023041475,-0.6797235023041475,0.5967741935483871,-0.5069124423963134,0.21428571428571427,-0.7857142857142857,0.5990783410138248,-0.8732718894009217,0.6820276497695853,-0.6912442396313364,0.619815668202765,-0.543778801843318
3,0.0,0.0,0.3163972286374134,-0.10854503464203233,0.48267898383371827,-0.3441108545034642,0.5866050808314087,-0.5311778290993071,0.674364896073903,-0.6697459584295612,0.3187066974595843,-0.7505773672055427,0.5242494226327945,-0.9792147806004619,0.6327944572748267,-0.859122401847575,0.625866050808314,-0.7551963048498845,0.25635103926096997,-0.792147806004619,0.5866050808314087,-1.0,0.6766743648960739,-0.7829099307159353,0.6189376443418014,-0.6212471131639723,0.21478060046189376,-0.812933025404157,0.5935334872979214,-0.9607390300230947,0.6628175519630485,-0.6905311778290993,0.5866050808314087,-0.5150115473441108,0.20092378752886836,-0.7967667436489607,0.5796766743648961,-0.8868360277136259,0.6651270207852193,-0.7020785219399538,0.6143187066974596,-0.5519630484988453
3,0.0,0.0,0.3103448275862069,-0.11264367816091954,0.4666666666666667,-0.3586206896551724,0.5540229885057472,-0.5540229885057472,0.6298850574712643,-0.7057471264367816,0.29195402298850576,-0.7563218390804598,0.5126436781609195,-0.9701149425287356,0.6068965517241379,-0.8298850574712644,0.5793103448275863,-0.7080459770114943,0.23218390804597702,-0.7977011494252874,0.5747126436781609,-1.0,0.6482758620689655,-0.767816091954023,0.5747126436781609,-0.593103448275862,0.19080459770114944,-0.8160919540229885,0.5816091954022988,-0.9586206896551724,0.639080459770115,-0.6850574712643678,0.5494252873563218,-0.5057471264367817,0.1839080459770115,-0.7954022988505747,0.5678160919540229,-0.8781609195402299,0.6505747126436782,-0.6919540229885057,0.5977011494252874,-0.5402298850574713
3,0.0,0.0,0.3264367816091954,-0.10804597701149425,0.5057471264367817,-0.35172413793103446,0.6137931034482759,-0.5540229885057472,0.6850574712643678,-0.7080459770114943,0.31494252873563217,-0.7517241379310344,0.542528735632184,-0.967816091954023,0.6459770114942529,-0.8068965517241379,0.6183908045977011,-0.6781609195402298,0.24597701149425288,-0.7931034482758621,0.5862068965517241,-1.0,0.6597701149425287,-0.7609195402298851,0.5816091954022988,-0.5977011494252874,0.2,-0.8091954022988506,0.5954022988505747,-0.9586206896551724,0.6482758620689655,-0.6735632183908046,0.5448275862068965,-0.5080459770114942,0.18160919540229886,-0.7885057471264367,0.5770114942528736,-0.871264367816092,0.6574712643678161,-0.6758620689655173,0.5885057471264368,-0.5333333333333333
3,0.0,0.0,0.31880733944954126,-0.11926605504587157,0.47706422018348627,-0.3623853211009174,0.5711009174311926,-0.5642201834862385,0.6444954128440367,-0.7178899082568807,0.3165137614678899,-0.7568807339449541,0.5435779816513762,-0.9678899082568807,0.6444954128440367,-0.8279816513761468,0.6238532110091743,-0.7178899082568807,0.25688073394495414,-0.7981651376146789,0.5940366972477065,-1.0,0.658256880733945,-0.7660550458715596,0.5779816513761468,-0.5986238532110092,0.21330275229357798,-0.8188073394495413,0.6077981651376146,-0.9426605504587156,0.6353211009174312,-0.6513761467889908,0.5206422018348624,-0.481651376146789,0.19724770642201836,-0.8073394495412844,0.5848623853211009,-0.8738532110091743,0.6399082568807339,-0.6697247706422018,0.5619266055045872,-0.5252293577981652
3,0.0,0.0,0.3101123595505618,-0.11685393258426967,0.48089887640449436,-0.3550561797752809,0.5842696629213483,-0.550561797752809,0.6629213483146067,-0.701123595505618,0.3258426966292135,-0.7348314606741573,0.5573033707865168,-0.952808988764045,0.6696629213483146,-0.7932584269662921,0.6561797752808989,-0.6606741573033708,0.2606741573033708,-0.7752808988764045,0.5820224719101124,-1.0,0.6561797752808989,-0.7685393258426966,0.5865168539325842,-0.6,0.20898876404494382,-0.7910112359550562,0.5797752808988764,-0.9573033707865168,0.6359550561797753,-0.6764044943820224,0.5415730337078651,-0.5078651685393258,0.1797752808988764,-0.7707865168539326,0.5550561797752809,-0.8764044943820225,0.6337078651685393,-0.6876404494382022,0.5707865168539326,-0.5415730337078651
3,0.0,0.0,0.31096196868008946,-0.12080536912751678,0.45861297539149887,-0.36017897091722595,0.5480984340044742,-0.5480984340044742,0.6308724832214765,-0.6957494407158836,0.29977628635346754,-0.7494407158836689,0.5212527964205816,-0.9574944071588367,0.6174496644295302,-0.8277404921700223,0.5973154362416108,-0.7158836689038032,0.24384787472035793,-0.7919463087248322,0.5794183445190156,-1.0,0.6621923937360179,-0.7829977628635347,0.6017897091722595,-0.6174496644295302,0.2058165548098434,-0.8120805369127517,0.5950782997762863,-0.9619686800894854,0.6487695749440716,-0.6868008948545862,0.5592841163310962,-0.5100671140939598,0.19686800894854586,-0.7986577181208053,0.5771812080536913,-0.8814317673378076,0.6487695749440716,-0.6890380313199105,0.5906040268456376,-0.5391498881431768
3,0.0,0.0,0.31685393258426964,-0.11910112359550562,0.4764044943820225,-0.3415730337078652,0.5752808988764045,-0.5258426966292135,0.651685393258427,-0.6674157303370787,0.31685393258426964,-0.7325842696629213,0.5438202247191011,-0.950561797752809,0.6449438202247191,-0.7932584269662921,0.6157303370786517,-0.6539325842696629,0.2606741573033708,-0.7752808988764045,0.5955056179775281,-1.0,0.6831460674157304,-0.7730337078651686,0.6202247191011236,-0.5955056179775281,0.2157303370786517,-0.7955056179775281,0.6022471910112359,-0.9662921348314607,0.6764044943820224,-0.6943820224719102,0.5955056179775281,-0.5101123595505618,0.19775280898876405,-0.7752808988764045,0.5752808988764045,-0.8764044943820225,0.6719101123595506,-0.6943820224719102,0.6269662921348315,-0.5393258426966292
3,0.0,0.0,0.30376940133037694,-0.11086474501108648,0.4678492239467849,-0.3348115299334812,0.5676274944567627,-0.5210643015521065,0.6452328159645233,-0.6607538802660754,0.328159645232816,-0.7184035476718403,0.5543237250554324,-0.9445676274944568,0.6651884700665188,-0.7827050997782705,0.6496674057649667,-0.6407982261640798,0.270509977827051,-0.7605321507760532,0.5875831485587583,-1.0,0.6762749445676275,-0.7782705099778271,0.6164079822616408,-0.6031042128603105,0.22172949002217296,-0.7804878048780488,0.5875831485587583,-0.9667405764966741,0.656319290465632,-0.6917960088691796,0.5764966740576497,-0.5099778270509978,0.19068736141906872,-0.7627494456762749,0.5587583148558758,-0.8736141906873615,0.6452328159645233,-0.6851441241685144,0.5942350332594235,-0.532150776053215
3,0.0,0.0,0.31555555555555553,-0.12222222222222222,0.47333333333333333,-0.3466666666666667,0.5733333333333334,-0.5311111111111111,0.6555555555555556,-0.6711111111111111,0.3288888888888889,-0.74,0.5688888888888889,-0.9533333333333334,0.6533333333333333,-0.7866666666666666,0.6155555555555555,-0.6377777777777778,0.2733333333333333,-0.78,0.6088888888888889,-1.0,0.6844444444444444,-0.7666666666666667,0.6155555555555555,-0.5888888888888889,0.22666666666666666,-0.7977777777777778,0.6088888888888889,-0.9711111111111111,0.6688888888888889,-0.6977777777777778,0.5844444444444444,-0.5088888888888888,0.20222222222222222,-0.78,0.5733333333333334,-0.8866666666666667,0.6555555555555556,-0.6977777777777778,0.6022222222222222,-0.54
4,0.0,0.0,0.09973753280839895,0.15879265091863518,0.2742782152230971,0.24540682414698162,0.4356955380577428,0.24671916010498687,0.5774278215223098,0.25065616797900264,0.5380577427821522,0.12073490813648294,0.7414698162729659,0.10761154855643044,0.8674540682414699,0.08792650918635171,0.9776902887139107,0.06824146981627296,0.5354330708661418,0.015748031496062992,0.7572178477690289,0.0026246719160104987,0.8832020997375328,-0.015748031496062992,1.0,-0.030183727034120734,0.4973753280839895,-0.07349081364829396,0.7047244094488189,-0.08267716535433071,0.8188976377952756,-0.09186351706036745,0.9186351706036745,-0.09580052493438321,0.431758530183727,-0.15879265091863518,0.594488188976378,-0.16666666666666666,0.6916010498687664,-0.1679790026246719,0.7834645669291339,-0.16666666666666666
4,0.0,0.0,0.09934640522875816,0.15555555555555556,0.27058823529411763,0.24052287581699347,0.42745098039215684,0.24052287581699347,0.5660130718954248,0.24052287581699347,0.5320261437908497,0.11764705882352941,0.7359477124183007,0.10457516339869281,0.8640522875816994,0.08627450980392157,0.9751633986928104,0.06666666666666667,0.5281045751633987,0.01568627450980392,0.7529411764705882,0.00261437908496732,0.8810457516339869,-0.01568627450980392,1.0,-0.030065359477124184,0.4915032679738562,-0.07320261437908497,0.6980392156862745,-0.08366013071895424,0.8117647058823529,-0.0915032679738562,0.9124183006535947,-0.09803921568627451,0.4235294117647059,-0.15816993464052287,0.5856209150326798,-0.16601307189542483,0.6823529411764706,-0.16732026143790849,0.7764705882352941,-0.16732026143790849
4,0.0,0.0,0.10340314136125654,0.1544502617801047,0.2774869109947644,0.23821989528795812,0.43848167539267013,0.2395287958115183,0.5785340314136126,0.23167539267015708,0.5353403141361257,0.11780104712041885,0.7382198952879581,0.10471204188481675,0.8651832460732984,0.08769633507853403,0.975130890052356,0.06806282722513089,0.5314136125654451,0.015706806282722512,0.7539267015706806,0.0,0.8808900523560209,-0.01832460732984293,1.0,-0.034031413612565446,0.49345549738219896,-0.07329842931937172,0.7002617801047121,-0.08507853403141362,0.8141361256544503,-0.09293193717277487,0.9149214659685864,-0.09816753926701571,0.4280104712041885,-0.15837696335078533,0.5890052356020943,-0.16753926701570682,0.68717277486911,-0.168848167539267,0.7827225130890052,-0.17015706806282724
4,0.0,0.0,0.10686015831134564,0.15303430079155672,0.2796833773087071,0.23350923482849603,0.43799472295514513,0.22823218997361477,0.5778364116094987,0.21503957783641162,0.5369393139841688,0.11609498680738786,0.7348284960422163,0.09894459102902374,0.8588390501319261,0.079155672823219,0.9656992084432717,0.05804749340369393,0.5329815303430079,0.011873350923482849,0.7559366754617414,-0.00395778364116095,0.8825857519788918,-0.023746701846965697,1.0,-0.040897097625329816,0.49604221635883905,-0.07783641160949868,0.7031662269129287,-0.09234828496042216,0.816622691292876,-0.10158311345646438,0.91688654353562,-0.10949868073878628,0.42744063324538256,-0.16358839050131926,0.5897097625329816,-0.17546174142480211,0.6873350923482849,-0.17678100263852242,0.7823218997361477,-0.17678100263852242
4,0.0,0.0,0.10408432147562582,0.152832674571805,0.2779973649538867,0.23583662714097497,0.43741765480895917,0.23451910408432147,0.5770750988142292,0.22661396574440051,0.5349143610013175,0.11594202898550725,0.7338603425559947,0.10013175230566534,0.857707509881423,0.07905138339920949,0.9657444005270093,0.05665349143610013,0.5322793148880105,0.014492753623188406,0.7536231884057971,-0.0013175230566534915,0.8801054018445322,-0.021080368906455864,1.0,-0.039525691699604744,0.49538866930171277,-0.07509881422924901,0.7009222661396575,-0.08695652173913043,0.8168642951251647,-0.09486166007905138,0.9169960474308301,-0.10144927536231885,0.4281949934123847,-0.15942028985507245,0.5902503293807642,-0.1686429512516469,0.6877470355731226,-0.1686429512516469,0.782608695652174,-0.1686429512516469
4,0.0,0.0,0.10236220472440945,0.15485564304461943,0.2755905511811024,0.2388451443569554,0.4330708661417323,0.2388451443569554,0.5721784776902887,0.23228346456692914,0.531496062992126,0.11548556430446194,0.7296587926509186,0.1010498687664042,0.8569553805774278,0.08136482939632546,0.9671916010498688,0.06036745406824147,0.5275590551181102,0.011811023622047244,0.7506561679790026,-0.003937007874015748,0.8792650918635171,-0.024934383202099737,1.0,-0.04330708661417323,0.489501312335958,-0.07611548556430446,0.6955380577427821,-0.08923884514435695,0.8097112860892388,-0.09973753280839895,0.9094488188976378,-0.10761154855643044,0.421259842519685,-0.16010498687664043,0.583989501312336,-0.17060367454068243,0.6811023622047244,-0.17191601049868765,0.7742782152230971,-0.17191601049868765
4,0.0,0.0,0.10568031704095113,0.15587846763540292,0.27873183619550856,0.24174372523117568,0.4372523117569353,0.23910171730515192,0.5772787318361955,0.22721268163804492,0.5336856010568032,0.11624834874504623,0.7331571994715984,0.10039630118890357,0.857331571994716,0.07793923381770146,0.9656538969616909,0.05548216644649934,0.5297225891677675,0.01453104359313078,0.7516512549537648,-0.002642007926023778,0.8797886393659181,-0.02509907529722589,1.0,-0.04491413474240423,0.49273447820343463,-0.07529722589167767,0.7014531043593131,-0.08718626155878467,0.8163804491413474,-0.0964332892998679,0.9194187582562747,-0.10303830911492734,0.42668428005284015,-0.15852047556142668,0.5891677675033025,-0.1690885072655218,0.6882430647291942,-0.17040951122853368,0.7846763540290621,-0.17040951122853368
4,0.0,0.0,0.10540184453227931,0.1541501976284585,0.27931488801054016,0.24110671936758893,0.43741765480895917,0.23978919631093545,0.5797101449275363,0.22529644268774704,0.530961791831357,0.11857707509881422,0.7312252964426877,0.10276679841897234,0.857707509881423,0.08168642951251646,0.9683794466403162,0.05928853754940711,0.52832674571805,0.015810276679841896,0.7509881422924901,-0.0013175230566534915,0.8787878787878788,-0.022397891963109356,1.0,-0.04084321475625823,0.4914361001317523,-0.07378129117259552,0.6996047430830039,-0.08563899868247694,0.8142292490118577,-0.09486166007905138,0.9169960474308301,-0.10144927536231885,0.42555994729907776,-0.15678524374176547,0.5889328063241107,-0.1673254281949934,0.689064558629776,-0.1673254281949934,0.7839262187088274,-0.1673254281949934
4,0.0,0.0,0.10422163588390501,0.15567282321899736,0.2796833773087071,0.24142480211081793,0.44063324538258575,0.23878627968337732,0.5817941952506597,0.22691292875989447,0.5303430079155673,0.11609498680738786,0.7321899736147758,0.09894459102902374,0.8601583113456465,0.07783641160949868,0.9696569920844327,0.05672823218997362,0.5277044854881267,0.011873350923482849,0.7519788918205804,-0.005277044854881266,0.8799472295514512,-0.026385224274406333,1.0,-0.04221635883905013,0.4920844327176781,-0.07783641160949868,0.7005277044854882,-0.09102902374670185,0.8153034300791556,-0.10158311345646438,0.91688654353562,-0.10817941952506596,0.4261213720316623,-0.16226912928759896,0.5897097625329816,-0.17150395778364116,0.6886543535620053,-0.17150395778364116,0.7823218997361477,-0.17150395778364116
4,0.0,0.0,0.10582010582010581,0.15476190476190477,0.28174603174603174,0.24338624338624337,0.44312169312169314,0.2447089947089947,0.5833333333333334,0.23015873015873015,0.5317460317460317,0.11772486772486772,0.7314814814814815,0.10052910052910052,0.8558201058201058,0.07804232804232804,0.9642857142857143,0.05555555555555555,0.5291005291005291,0.015873015873015872,0.7513227513227513,-0.0026455026455026454,0.8796296296296297,-0.021164021164021163,1.0,-0.03835978835978836,0.49206349206349204,-0.07407407407407407,0.6997354497354498,-0.0873015873015873,0.8148148148148148,-0.09656084656084656,0.9166666666666666,-0.10317460317460317,0.42592592592592593,-0.15873015873015872,0.5912698412698413,-0.16666666666666666,0.6917989417989417,-0.16666666666666666,0.7870370370370371,-0.16534391534391535
4,0.0,0.0,0.10225763612217796,0.15670650730411687,0.2775564409030544,0.2456839309428951,0.44223107569721115,0.2456839309428951,0.5830013280212484,0.23638778220451528,0.5325365205843293,0.11952191235059761,0.7317397078353254,0.10358565737051793,0.8579017264276229,0.08100929614873838,0.9654714475431607,0.057104913678618856,0.5312084993359893,0.014608233731739707,0.7543160690571049,0.0,0.8818061088977424,-0.021248339973439574,1.0,-0.041168658698539175,0.49667994687915007,-0.07569721115537849,0.702523240371846,-0.08764940239043825,0.8180610889774237,-0.09827357237715803,0.9163346613545816,-0.10756972111553785,0.4302788844621514,-0.16069057104913678,0.5949535192563081,-0.16865869853917662,0.6932270916334662,-0.16865869853917662,0.7848605577689243,-0.1699867197875166
5,0.0,0.0,0.19599109131403117,-0.0556792873051225,0.3429844097995546,-0.2071269487750557,0.3830734966592428,-0.3741648106904232,0.40089086859688194,-0.5144766146993318,0.2739420935412027,-0.48329621380846327,0.30957683741648107,-0.6748329621380846,0.3184855233853007,-0.7951002227171492,0.32293986636971045,-0.8997772828507795,0.17371937639198218,-0.5211581291759465,0.20935412026726058,-0.7438752783964365,0.22271714922049,-0.8797327394209354,0.2383073496659243,-1.0,0.07349665924276169,-0.5167037861915368,0.10467706013363029,-0.7282850779510023,0.12472160356347439,-0.8530066815144766,0.1447661469933185,-0.9599109131403119,-0.028953229398663696,-0.47884187082405344,-0.013363028953229399,-0.6414253897550112,0.004454342984409799,-0.7416481069042317,0.024498886414253896,-0.8351893095768375
5,0.0,0.0,0.19599109131403117,-0.0556792873051225,0.3429844097995546,-0.2071269487750557,0.38530066815144765,-0.3741648106904232,0.4053452115812918,-0.512249443207127,0.2717149220489978,-0.47884187082405344,0.30957683741648107,-0.6703786191536748,0.3184855233853007,-0.7906458797327395,0.32293986636971045,-0.8953229398663697,0.1714922048997773,-0.5189309576837416,0.2071269487750557,-0.7416481069042317,0.22271714922049,-0.8775055679287305,0.2383073496659243,-1.0,0.07349665924276169,-0.5144766146993318,0.10467706013363029,-0.7260579064587973,0.12472160356347439,-0.8507795100222717,0.14699331848552338,-0.9576837416481069,-0.028953229398663696,-0.4766146993318486,-0.013363028953229399,-0.6369710467706013,0.0022271714922048997,-0.734966592427617,0.022271714922048998,-0.8307349665924276
5,0.0,0.0,0.19777777777777777,-0.057777777777777775,0.3422222222222222,-0.2088888888888889,0.38666666666666666,-0.37555555555555553,0.4066666666666667,-0.5133333333333333,0.27111111111111114,-0.48,0.30666666666666664,-0.6711111111111111,0.31555555555555553,-0.7911111111111111,0.32,-0.8955555555555555,0.1711111111111111,-0.5177777777777778,0.20444444444444446,-0.7422222222222222,0.22,-0.8777777777777778,0.23333333333333334,-1.0,0.07111111111111111,-0.5133333333333333,0.10444444444444445,-0.7244444444444444,0.12444444444444444,-0.8488888888888889,0.14444444444444443,-0.9555555555555556,-0.03111111111111111,-0.47333333333333333,-0.015555555555555555,-0.6333333333333333,0.0,-0.7333333333333333,0.022222222222222223,-0.8288888888888889
5,0.0,0.0,0.19866071428571427,-0.05580357142857143,0.34375,-0.20535714285714285,0.38839285714285715,-0.37276785714285715,0.40625,-0.5133928571428571,0.27232142857142855,-0.4799107142857143,0.3080357142857143,-0.671875,0.31919642857142855,-0.7924107142857143,0.3236607142857143,-0.8973214285714286,0.171875,-0.5178571428571429,0.20758928571428573,-0.7433035714285714,0.22321428571428573,-0.8772321428571429,0.23883928571428573,-1.0,0.07366071428571429,-0.5133928571428571,0.10491071428571429,-0.7254464285714286,0.12723214285714285,-0.8526785714285714,0.14955357142857142,-0.9598214285714286,-0.029017857142857144,-0.47544642857142855,-0.013392857142857142,-0.6361607142857143,0.004464285714285714,-0.7388392857142857,0.026785714285714284,-0.8348214285714286
5,0.0,0.0,0.19642857142857142,-0.05803571428571429,0.34151785714285715,-0.20982142857142858,0.38392857142857145,-0.37723214285714285,0.40625,-0.5178571428571429,0.27455357142857145,-0.4799107142857143,0.3080357142857143,-0.671875,0.3169642857142857,-0.7924107142857143,0.32142857142857145,-0.8973214285714286,0.171875,-0.5200892857142857,0.20758928571428573,-0.7433035714285714,0.22321428571428573,-0.8772321428571429,0.23660714285714285,-1.0,0.07142857142857142,-0.515625,0.10491071428571429,-0.7276785714285714,0.125,-0.8526785714285714,0.14508928571428573,-0.9598214285714286,-0.03125,-0.47767857142857145,-0.015625,-0.6383928571428571,0.002232142857142857,-0.7388392857142857,0.022321428571428572,-0.8348214285714286
5,0.0,0.0,0.19642857142857142,-0.05580357142857143,0.34151785714285715,-0.20535714285714285,0.38392857142857145,-0.37276785714285715,0.4017857142857143,-0.5133928571428571,0.27455357142857145,-0.47767857142857145,0.31026785714285715,-0.6696428571428571,0.31919642857142855,-0.7924107142857143,0.32142857142857145,-0.8973214285714286,0.171875,-0.5178571428571429,0.20758928571428573,-0.7410714285714286,0.22321428571428573,-0.8772321428571429,0.23660714285714285,-1.0,0.07366071428571429,-0.5133928571428571,0.10714285714285714,-0.7254464285714286,0.12723214285714285,-0.8504464285714286,0.14732142857142858,-0.9553571428571429,-0.03125,-0.47544642857142855,-0.013392857142857142,-0.6361607142857143,0.004464285714285714,-0.7366071428571429,0.024553571428571428,-0.8303571428571429
5,0.0,0.0,0.19821826280623608,-0.0556792873051225,0.34521158129175944,-0.2071269487750557,0.38752783964365256,-0.3741648106904232,0.4053452115812918,-0.512249443207127,0.2739420935412027,-0.47884187082405344,0.30957683741648107,-0.6703786191536748,0.3184855233853007,-0.7906458797327395,0.3207126948775056,-0.8953229398663697,0.17371937639198218,-0.5167037861915368,0.20935412026726058,-0.7416481069042317,0.22271714922049,-0.8775055679287305,0.2383073496659243,-1.0,0.07349665924276169,-0.5144766146993318,0.10690423162583519,-0.7238307349665924,0.12694877505567928,-0.8485523385300668,0.14699331848552338,-0.955456570155902,-0.031180400890868598,-0.4766146993318486,-0.015590200445434299,-0.6347438752783965,0.0022271714922048997,-0.732739420935412,0.022271714922048998,-0.8262806236080178
5,0.0,0.0,0.20089285714285715,-0.05803571428571429,0.34375,-0.20982142857142858,0.3861607142857143,-0.3794642857142857,0.41294642857142855,-0.5178571428571429,0.2767857142857143,-0.4799107142857143,0.3125,-0.671875,0.32142857142857145,-0.7924107142857143,0.32589285714285715,-0.8973214285714286,0.17633928571428573,-0.5178571428571429,0.21205357142857142,-0.7433035714285714,0.22767857142857142,-0.8772321428571429,0.24107142857142858,-1.0,0.07589285714285714,-0.515625,0.109375,-0.7276785714285714,0.13169642857142858,-0.8526785714285714,0.15178571428571427,-0.9598214285714286,-0.026785714285714284,-0.4799107142857143,-0.011160714285714286,-0.640625,0.004464285714285714,-0.7410714285714286,0.024553571428571428,-0.8370535714285714
5,0.0,0.0,0.19642857142857142,-0.05357142857142857,0.34375,-0.203125,0.38839285714285715,-0.3705357142857143,0.4107142857142857,-0.5089285714285714,0.27455357142857145,-0.4732142857142857,0.3125,-0.6674107142857143,0.32142857142857145,-0.7879464285714286,0.32589285714285715,-0.8928571428571429,0.17410714285714285,-0.5133928571428571,0.21205357142857142,-0.7388392857142857,0.22767857142857142,-0.875,0.24107142857142858,-1.0,0.07589285714285714,-0.5111607142857143,0.109375,-0.7232142857142857,0.13169642857142858,-0.8482142857142857,0.15178571428571427,-0.9553571428571429,-0.029017857142857144,-0.4732142857142857,-0.011160714285714286,-0.6339285714285714,0.006696428571428571,-0.7366071428571429,0.026785714285714284,-0.8303571428571429
5,0.0,0.0,0.19866071428571427,-0.05580357142857143,0.34598214285714285,-0.20535714285714285,0.3861607142857143,-0.37276785714285715,0.40625,-0.5133928571428571,0.27455357142857145,-0.47767857142857145,0.31026785714285715,-0.6696428571428571,0.32142857142857145,-0.7901785714285714,0.32589285714285715,-0.8950892857142857,0.17410714285714285,-0.515625,0.20982142857142858,-0.7410714285714286,0.22544642857142858,-0.8772321428571429,0.24107142857142858,-1.0,0.07366071428571429,-0.5133928571428571,0.10714285714285714,-0.7232142857142857,0.12946428571428573,-0.8482142857142857,0.14955357142857142,-0.9553571428571429,-0.029017857142857144,-0.47544642857142855,-0.013392857142857142,-0.6361607142857143,0.004464285714285714,-0.734375,0.026785714285714284,-0.828125
5,0.0,0.0,0.19642857142857142,-0.05803571428571429,0.34151785714285715,-0.20535714285714285,0.38392857142857145,-0.37276785714285715,0.40625,-0.5133928571428571,0.27232142857142855,-0.47767857142857145,0.31026785714285715,-0.6674107142857143,0.32142857142857145,-0.7879464285714286,0.32589285714285715,-0.8928571428571429,0.171875,-0.515625,0.20982142857142858,-0.7410714285714286,0.22321428571428573,-0.875,0.23883928571428573,-1.0,0.07142857142857142,-0.5133928571428571,0.10714285714285714,-0.7232142857142857,0.12723214285714285,-0.8482142857142857,0.14732142857142858,-0.953125,-0.03125,-0.47544642857142855,-0.013392857142857142,-0.6339285714285714,0.002232142857142857,-0.734375,0.024553571428571428,-0.828125
6,0.0,0.0,0.2181372549019608,0.09558823529411764,0.4387254901960784,0.0661764705882353,0.5808823529411765,-0.049019607843137254,0.696078431372549,-0.14705882352941177,0.6225490196078431,-0.22794117647058823,0.8063725490196079,-0.3897058823529412,0.9142156862745098,-0.5,1.0,-0.5980392156862745,0.5490196078431373,-0.34068627450980393,0.7647058823529411,-0.5196078431372549,0.8848039215686274,-0.6323529411764706,0.9950980392156863,-0.7303921568627451,0.4485294117647059,-0.4166666666666667,0.6470588235294118,-0.5784313725490197,0.7622549019607843,-0.6715686274509803,0.8651960784313726,-0.75,0.3161764705882353,-0.46568627450980393,0.4730392156862745,-0.5882352941176471,0.571078431372549,-0.6617647058823529,0.6642156862745098,-0.7303921568627451
6,0.0,0.0,0.21674876847290642,0.09113300492610837,0.4408866995073892,0.05665024630541872,0.5911330049261084,-0.06157635467980296,0.7118226600985221,-0.15270935960591134,0.6133004926108374,-0.2438423645320197,0.7980295566502463,-0.4039408866995074,0.9088669950738916,-0.5098522167487685,1.0,-0.603448275862069,0.541871921182266,-0.3522167487684729,0.7586206896551724,-0.5320197044334976,0.8817733990147784,-0.6428571428571429,0.9950738916256158,-0.7389162561576355,0.4433497536945813,-0.42610837438423643,0.6428571428571429,-0.5911330049261084,0.7586206896551724,-0.6847290640394089,0.8645320197044335,-0.7610837438423645,0.312807881773399,-0.4729064039408867,0.46798029556650245,-0.6009852216748769,0.5665024630541872,-0.6724137931034483,0.6650246305418719,-0.7413793103448276
6,0.0,0.0,0.2113022113022113,0.08845208845208845,0.43734643734643736,0.05405405405405406,0.5847665847665847,-0.06142506142506143,0.7002457002457002,-0.14742014742014742,0.6142506142506142,-0.24324324324324326,0.8034398034398035,-0.40540540540540543,0.9115479115479116,-0.5135135135135135,1.0,-0.6068796068796068,0.542997542997543,-0.3538083538083538,0.7592137592137592,-0.5356265356265356,0.8796068796068796,-0.6461916461916462,0.9901719901719902,-0.7444717444717445,0.44471744471744473,-0.42997542997543,0.6437346437346437,-0.5945945945945946,0.7592137592137592,-0.687960687960688,0.8624078624078624,-0.7665847665847666,0.31203931203931207,-0.47911547911547914,0.4692874692874693,-0.6068796068796068,0.5675675675675675,-0.6781326781326781,0.6633906633906634,-0.7493857493857494
6,0.0,0.0,0.21621621621621623,0.09090909090909091,0.44471744471744473,0.056511056511056514,0.5945945945945946,-0.05896805896805897,0.7100737100737101,-0.14742014742014742,0.6167076167076168,-0.24078624078624078,0.8034398034398035,-0.40294840294840295,0.9115479115479116,-0.5135135135135135,1.0,-0.6093366093366094,0.5454545454545454,-0.35135135135135137,0.7641277641277642,-0.5307125307125307,0.8869778869778869,-0.6437346437346437,0.9975429975429976,-0.7444717444717445,0.44717444717444715,-0.4250614250614251,0.6486486486486487,-0.5921375921375921,0.7641277641277642,-0.6855036855036855,0.8673218673218673,-0.7641277641277642,0.3144963144963145,-0.4742014742014742,0.47174447174447176,-0.601965601965602,0.5700245700245701,-0.6732186732186732,0.6683046683046683,-0.7444717444717445
6,0.0,0.0,0.2141119221411192,0.08759124087591241,0.44525547445255476,0.046228710462287104,0.5961070559610706,-0.072992700729927,0.7104622871046229,-0.1630170316301703,0.6180048661800487,-0.24817518248175183,0.8029197080291971,-0.41119221411192214,0.9099756690997567,-0.5182481751824818,1.0,-0.610705596107056,0.5450121654501217,-0.35523114355231145,0.7566909975669099,-0.537712895377129,0.8759124087591241,-0.6472019464720195,0.9829683698296837,-0.7420924574209246,0.44282238442822386,-0.4282238442822384,0.6399026763990268,-0.5912408759124088,0.7493917274939172,-0.683698296836983,0.8491484184914841,-0.7615571776155717,0.31143552311435524,-0.4720194647201946,0.46228710462287104,-0.5961070559610706,0.559610705596107,-0.6666666666666666,0.6520681265206812,-0.732360097323601
6,0.0,0.0,0.21951219512195122,0.08780487804878048,0.45365853658536587,0.04390243902439024,0.6024390243902439,-0.07804878048780488,0.7195121951219512,-0.16585365853658537,0.6170731707317073,-0.25365853658536586,0.802439024390244,-0.4170731707317073,0.9097560975609756,-0.524390243902439,1.0,-0.6170731707317073,0.5439024390243903,-0.36097560975609755,0.7560975609756098,-0.5414634146341464,0.875609756097561,-0.6487804878048781,0.9829268292682927,-0.7439024390243902,0.44390243902439025,-0.4317073170731707,0.6414634146341464,-0.5975609756097561,0.7536585365853659,-0.6878048780487804,0.8536585365853658,-0.7658536585365854,0.3097560975609756,-0.47560975609756095,0.4658536585365854,-0.6024390243902439,0.5634146341463414,-0.675609756097561,0.6609756097560976,-0.7414634146341463
6,0.0,0.0,0.2176039119804401,0.08801955990220049,0.4474327628361858,0.04645476772616137,0.5965770171149144,-0.07090464547677261,0.7163814180929096,-0.15892420537897312,0.6210268948655256,-0.24938875305623473,0.80440097799511,-0.4156479217603912,0.9095354523227384,-0.5232273838630807,1.0,-0.6185819070904646,0.5452322738386308,-0.3569682151589242,0.7579462102689487,-0.5427872860635696,0.8753056234718827,-0.6503667481662592,0.9828850855745721,-0.7457212713936431,0.4449877750611247,-0.43031784841075793,0.6405867970660146,-0.5990220048899756,0.7506112469437652,-0.6894865525672371,0.8533007334963325,-0.7652811735941321,0.3105134474327628,-0.4743276283618582,0.46454767726161367,-0.6014669926650367,0.5623471882640587,-0.6748166259168704,0.6601466992665037,-0.7408312958435208
6,0.0,0.0,0.22524752475247525,0.0891089108910891,0.45792079207920794,0.04702970297029703,0.6089108910891089,-0.07920792079207921,0.7301980198019802,-0.1707920792079208,0.6262376237623762,-0.2623762376237624,0.8094059405940595,-0.4282178217821782,0.9133663366336634,-0.5396039603960396,1.0,-0.6361386138613861,0.5495049504950495,-0.3712871287128713,0.7599009900990099,-0.556930693069307,0.8762376237623762,-0.6683168316831684,0.9801980198019802,-0.7623762376237624,0.44554455445544555,-0.4405940594059406,0.6435643564356436,-0.6089108910891089,0.7524752475247525,-0.7029702970297029,0.8514851485148515,-0.7797029702970297,0.3118811881188119,-0.48267326732673266,0.46534653465346537,-0.6113861386138614,0.5618811881188119,-0.6856435643564357,0.655940594059406,-0.754950495049505
6,0.0,0.0,0.22807017543859648,0.08521303258145363,0.46616541353383456,0.040100250626566414,0.6165413533834586,-0.08771929824561403,0.7368421052631579,-0.18295739348370926,0.6290726817042607,-0.2631578947368421,0.8095238095238095,-0.42857142857142855,0.9147869674185464,-0.5388471177944862,1.0,-0.6340852130325815,0.5538847117794486,-0.37593984962406013,0.7644110275689223,-0.5639097744360902,0.8796992481203008,-0.6741854636591479,0.9899749373433584,-0.7744360902255639,0.44862155388471175,-0.44862155388471175,0.6466165413533834,-0.6215538847117794,0.7568922305764411,-0.7142857142857143,0.8596491228070176,-0.7919799498746867,0.3132832080200501,-0.49624060150375937,0.47117794486215536,-0.6265664160401002,0.568922305764411,-0.7017543859649122,0.6666666666666666,-0.7694235588972431
6,0.0,0.0,0.2169576059850374,0.08728179551122195,0.4488778054862843,0.04239401496259352,0.600997506234414,-0.0798004987531172,0.7231920199501247,-0.16957605985037408,0.628428927680798,-0.26184538653366585,0.8104738154613467,-0.4239401496259352,0.9152119700748129,-0.5336658354114713,1.0,-0.628428927680798,0.5536159600997507,-0.3740648379052369,0.7655860349127181,-0.5586034912718204,0.8827930174563591,-0.6708229426433915,0.9900249376558603,-0.7655860349127181,0.4513715710723192,-0.4463840399002494,0.6483790523690773,-0.6159600997506235,0.7581047381546134,-0.7107231920199502,0.8603491271820449,-0.7905236907730673,0.314214463840399,-0.48877805486284287,0.4688279301745636,-0.6209476309226932,0.5635910224438903,-0.6932668329177057,0.6608478802992519,-0.7630922693266833
6,0.0,0.0,0.225,0.085,0.46,0.0375,0.6125,-0.09,0.74,-0.1775,0.62,-0.2625,0.805,-0.4225,0.9125,-0.5325,1.0,-0.6275,0.5475,-0.3725,0.7625,-0.5575,0.8775,-0.67,0.9875,-0.77,0.445,-0.445,0.645,-0.615,0.7575,-0.71,0.8575,-0.7875,0.3125,-0.4925,0.4675,-0.6225,0.565,-0.7,0.6625,-0.77
7,0.0,0.0,0.16631130063965885,-0.15565031982942432,0.22388059701492538,-0.373134328358209,0.18336886993603413,-0.5501066098081023,0.13646055437100213,-0.6886993603411514,-0.017057569296375266,-0.5948827292110874,-0.11087420042643924,-0.7739872068230277,-0.19402985074626866,-0.8742004264392325,-0.26865671641791045,-0.9509594882729211,-0.13646055437100213,-0.5735607675906184,-0.2515991471215352,-0.7825159914712153,-0.3347547974413646,-0.9040511727078892,-0.4115138592750533,-1.0,-0.2281449893390192,-0.511727078891258,-0.3347547974413646,-0.7014925373134329,-0.4072494669509595,-0.8102345415778252,-0.47121535181236673,-0.8976545842217484,-0.29850746268656714,-0.4136460554371002,-0.3880597014925373,-0.5565031982942431,-0.43923240938166314,-0.6439232409381663,-0.4840085287846482,-0.7249466950959488
7,0.0,0.0,0.1673728813559322,-0.15677966101694915,0.2245762711864407,-0.3728813559322034,0.18220338983050846,-0.548728813559322,0.13559322033898305,-0.690677966101695,-0.01059322033898305,-0.5932203389830508,-0.10805084745762712,-0.7733050847457628,-0.1885593220338983,-0.875,-0.2648305084745763,-0.951271186440678,-0.1271186440677966,-0.5720338983050848,-0.23940677966101695,-0.7817796610169492,-0.3241525423728814,-0.902542372881356,-0.4025423728813559,-1.0,-0.21822033898305085,-0.510593220338983,-0.3241525423728814,-0.701271186440678,-0.3961864406779661,-0.8050847457627118,-0.461864406779661,-0.8898305084745762,-0.288135593220339,-0.4173728813559322,-0.3771186440677966,-0.5614406779661016,-0.4300847457627119,-0.6504237288135594,-0.4788135593220339,-0.7288135593220338
7,0.0,0.0,0.1652542372881356,-0.15889830508474576,0.2245762711864407,-0.375,0.1843220338983051,-0.548728813559322,0.13559322033898305,-0.6864406779661016,-0.00847457627118644,-0.597457627118644,-0.1038135593220339,-0.7733050847457628,-0.1843220338983051,-0.8728813559322034,-0.2584745762711864,-0.9491525423728814,-0.1271186440677966,-0.576271186440678,-0.24152542372881355,-0.7838983050847458,-0.3241525423728814,-0.902542372881356,-0.4025423728813559,-1.0,-0.21822033898305085,-0.5169491525423728,-0.326271186440678,-0.7055084745762712,-0.3961864406779661,-0.8135593220338984,-0.4597457627118644,-0.9004237288135594,-0.2902542372881356,-0.4258474576271186,-0.3792372881355932,-0.5677966101694916,-0.4300847457627119,-0.6546610169491526,-0.4766949152542373,-0.7330508474576272
7,0.0,0.0,0.16560509554140126,-0.1592356687898089,0.22505307855626328,-0.37367303609341823,0.18471337579617833,-0.5520169851380042,0.1337579617834395,-0.6878980891719745,-0.010615711252653927,-0.5966029723991507,-0.10828025477707007,-0.7749469214437368,-0.1910828025477707,-0.8747346072186837,-0.267515923566879,-0.9511677282377919,-0.12951167728237792,-0.5753715498938429,-0.24203821656050956,-0.7834394904458599,-0.32696390658174096,-0.9044585987261147,-0.4033970276008493,-1.0,-0.2208067940552017,-0.5138004246284501,-0.3248407643312102,-0.7048832271762208,-0.3970276008492569,-0.8089171974522293,-0.4607218683651805,-0.8959660297239915,-0.2929936305732484,-0.42038216560509556,-0.38004246284501064,-0.564755838641189,-0.4309978768577495,-0.6518046709129511,-0.47770700636942676,-0.7303609341825902
7,0.0,0.0,0.163135593220339,-0.15466101694915255,0.22033898305084745,-0.3707627118644068,0.18008474576271186,-0.5466101694915254,0.13559322033898305,-0.6822033898305084,-0.012711864406779662,-0.5932203389830508,-0.10805084745762712,-0.7733050847457628,-0.1864406779661017,-0.8728813559322034,-0.2605932203389831,-0.9491525423728814,-0.13135593220338984,-0.5741525423728814,-0.24152542372881355,-0.7817796610169492,-0.3220338983050847,-0.902542372881356,-0.3983050847457627,-1.0,-0.22245762711864406,-0.5127118644067796,-0.3241525423728814,-0.701271186440678,-0.3961864406779661,-0.8072033898305084,-0.4597457627118644,-0.8919491525423728,-0.2902542372881356,-0.4173728813559322,-0.3771186440677966,-0.5614406779661016,-0.4279661016949153,-0.6483050847457628,-0.4724576271186441,-0.7266949152542372
7,0.0,0.0,0.16348195329087048,-0.15711252653927812,0.2229299363057325,-0.36942675159235666,0.18046709129511676,-0.5456475583864119,0.1337579617834395,-0.6815286624203821,-0.012738853503184714,-0.5966029723991507,-0.10828025477707007,-0.7770700636942676,-0.18895966029723993,-0.8768577494692145,-0.2653927813163482,-0.9511677282377919,-0.1316348195329087,-0.5753715498938429,-0.24203821656050956,-0.7855626326963907,-0.32696390658174096,-0.9044585987261147,-0.4033970276008493,-1.0,-0.2229299363057325,-0.5116772823779193,-0.32696390658174096,-0.70276008492569,-0.3991507430997877,-0.8089171974522293,-0.46284501061571126,-0.89171974522293,-0.2951167728237792,-0.416135881104034,-0.3821656050955414,-0.5605095541401274,-0.43312101910828027,-0.6475583864118896,-0.47983014861995754,-0.7282377919320594
7,0.0,0.0,0.1673728813559322,-0.15677966101694915,0.2266949152542373,-0.3707627118644068,0.1843220338983051,-0.548728813559322,0.13771186440677965,-0.6864406779661016,-0.00847457627118644,-0.597457627118644,-0.1059322033898305,-0.7733050847457628,-0.1864406779661017,-0.8728813559322034,-0.2605932203389831,-0.9491525423728814,-0.1271186440677966,-0.576271186440678,-0.23728813559322035,-0.7838983050847458,-0.3199152542372881,-0.9046610169491526,-0.3961864406779661,-1.0,-0.22033898305084745,-0.5148305084745762,-0.3241525423728814,-0.7055084745762712,-0.3961864406779661,-0.8114406779661016,-0.4576271186440678,-0.8961864406779662,-0.2902542372881356,-0.4216101694915254,-0.3771186440677966,-0.565677966101695,-0.4279661016949153,-0.6546610169491526,-0.4745762711864407,-0.7330508474576272
7,0.0,0.0,0.1652542372881356,-0.15889830508474576,0.2266949152542373,-0.3686440677966102,0.1843220338983051,-0.5444915254237288,0.13347457627118645,-0.6864406779661016,-0.01059322033898305,-0.5953389830508474,-0.1059322033898305,-0.7754237288135594,-0.1864406779661017,-0.875,-0.2605932203389831,-0.9491525423728814,-0.1292372881355932,-0.5741525423728814,-0.23940677966101695,-0.7838983050847458,-0.3220338983050847,-0.902542372881356,-0.3983050847457627,-1.0,-0.22033898305084745,-0.5148305084745762,-0.3241525423728814,-0.7055084745762712,-0.3940677966101695,-0.8114406779661016,-0.4576271186440678,-0.8961864406779662,-0.2923728813559322,-0.4194915254237288,-0.3771186440677966,-0.565677966101695,-0.4279661016949153,-0.6546610169491526,-0.4745762711864407,-0.7330508474576272
7,0.0,0.0,0.16701902748414377,-0.15644820295983086,0.22832980972515857,-0.3699788583509514,0.18816067653276955,-0.5454545454545454,0.13953488372093023,-0.6807610993657506,-0.008456659619450317,-0.5940803382663847,-0.1014799154334038,-0.773784355179704,-0.17970401691331925,-0.8731501057082452,-0.2536997885835095,-0.9492600422832981,-0.12684989429175475,-0.5750528541226215,-0.23890063424947147,-0.7822410147991543,-0.3192389006342495,-0.9027484143763214,-0.39323467230443976,-1.0,-0.21987315010570824,-0.5137420718816068,-0.32346723044397463,-0.7019027484143763,-0.39323467230443976,-0.8097251585623678,-0.452431289640592,-0.8964059196617337,-0.2917547568710359,-0.4186046511627907,-0.3784355179704017,-0.5602536997885835,-0.42917547568710357,-0.6469344608879493,-0.47568710359408034,-0.7272727272727273
7,0.0,0.0,0.1649048625792812,-0.15644820295983086,0.226215644820296,-0.3699788583509514,0.18604651162790697,-0.5454545454545454,0.1331923890063425,-0.6807610993657506,-0.006342494714587738,-0.5940803382663847,-0.10359408033826638,-0.7716701902748414,-0.1839323467230444,-0.8710359408033826,-0.25792811839323465,-0.9471458773784355,-0.12684989429175475,-0.5750528541226215,-0.23890063424947147,-0.7822410147991543,-0.321353065539112,-0.9027484143763214,-0.3974630021141649,-1.0,-0.21987315010570824,-0.5158562367864693,-0.32558139534883723,-0.7040169133192389,-0.3953488372093023,-0.8097251585623678,-0.4587737843551797,-0.8964059196617337,-0.2917547568710359,-0.42071881606765327,-0.38054968287526425,-0.5644820295983086,-0.42917547568710357,-0.6511627906976745,-0.47568710359408034,-0.7315010570824524
7,0.0,0.0,0.16631130063965885,-0.15778251599147122,0.2260127931769723,-0.37100213219616207,0.18763326226012794,-0.5479744136460555,0.13859275053304904,-0.6844349680170576,-0.006396588486140725,-0.5991471215351812,-0.1044776119402985,-0.7782515991471215,-0.18550106609808104,-0.8784648187633263,-0.2601279317697228,-0.9530916844349681,-0.1257995735607676,-0.5778251599147122,-0.23880597014925373,-0.7867803837953091,-0.32196162046908317,-0.906183368869936,-0.39872068230277186,-1.0,-0.21748400852878466,-0.5159914712153518,-0.32196162046908317,-0.7078891257995735,-0.39445628997867804,-0.8123667377398721,-0.4584221748400853,-0.8955223880597015,-0.2899786780383795,-0.42217484008528783,-0.3773987206823028,-0.5671641791044776,-0.42857142857142855,-0.6567164179104478,-0.47547974413646055,-0.7356076759061834
8,0.0,0.0,0.39846743295019155,0.08812260536398467,0.8045977011494253,0.13026819923371646,1.0,0.16475095785440613,0.8544061302681992,0.1724137931034483,0.6130268199233716,-0.42528735632183906,0.6283524904214559,0.19157088122605365,0.5134099616858238,0.20306513409961685,0.5057471264367817,0.034482758620689655,0.25287356321839083,-0.5172413793103449,0.29118773946360155,0.26053639846743293,0.23754789272030652,0.19923371647509577,0.2260536398467433,0.007662835249042145,-0.0842911877394636,-0.4482758620689655,-0.04980842911877394,0.3065134099616858,-0.06896551724137931,0.22988505747126436,-0.07279693486590039,0.007662835249042145,-0.36015325670498083,-0.31417624521072796,-0.3524904214559387,0.29118773946360155,-0.36015325670498083,0.23371647509578544,-0.3831417624521073,0.02681992337164751
8,0.0,0.0,0.39846743295019155,0.08812260536398467,0.8084291187739464,0.12643678160919541,1.0,0.14942528735632185,0.8620689655172413,0.1532567049808429,0.6245210727969349,-0.4329501915708812,0.6436781609195402,0.1685823754789272,0.524904214559387,0.1839080459770115,0.5095785440613027,0.019157088122605363,0.2720306513409962,-0.5325670498084292,0.30268199233716475,0.23754789272030652,0.2413793103448276,0.18007662835249041,0.23371647509578544,-0.0038314176245210726,-0.06513409961685823,-0.4674329501915709,-0.034482758620689655,0.2796934865900383,-0.05747126436781609,0.20689655172413793,-0.05747126436781609,-0.011494252873563218,-0.34099616858237547,-0.3333333333333333,-0.3371647509578544,0.26053639846743293,-0.34099616858237547,0.20689655172413793,-0.3563218390804598,0.0038314176245210726
8,0.0,0.0,0.39453125,0.09765625,0.8046875,0.15234375,1.0,0.18359375,0.87109375,0.1875,0.62109375,-0.40234375,0.6171875,0.21484375,0.49609375,0.22265625,0.484375,0.04296875,0.2578125,-0.5,0.26953125,0.27734375,0.21484375,0.203125,0.2109375,0.00390625,-0.0859375,-0.4375,-0.078125,0.3203125,-0.09375,0.234375,-0.08984375,0.00390625,-0.37109375,-0.3125,-0.3828125,0.29296875,-0.3828125,0.22265625,-0.39453125,0.0078125
8,0.0,0.0,0.3938223938223938,0.0888030888030888,0.803088803088803,0.13513513513513514,1.0,0.16216216216216217,0.8841698841698842,0.1776061776061776,0.6254826254826255,-0.43243243243243246,0.6563706563706564,0.18146718146718147,0.5366795366795367,0.1891891891891892,0.5135135135135135,0.023166023166023165,0.27413127413127414,-0.5212355212355212,0.3127413127413127,0.2625482625482625,0.25096525096525096,0.1891891891891892,0.23938223938223938,-0.003861003861003861,-0.06177606177606178,-0.4517374517374517,-0.02702702702702703,0.305019305019305,-0.05019305019305019,0.22007722007722008,-0.05019305019305019,0.0,-0.3436293436293436,-0.3127413127413127,-0.3359073359073359,0.2857142857142857,-0.3359073359073359,0.22007722007722008,-0.3474903474903475,0.015444015444015444
8,0.0,0.0,0.4,0.09803921568627451,0.807843137254902,0.14901960784313725,1.0,0.17647058823529413,0.8705882352941177,0.18823529411764706,0.615686274509804,-0.4117647058823529,0.6313725490196078,0.21568627450980393,0.5098039215686274,0.22745098039215686,0.49411764705882355,0.050980392156862744,0.25098039215686274,-0.5137254901960784,0.27450980392156865,0.28627450980392155,0.21568627450980393,0.21176470588235294,0.20784313725490197,0.00784313725490196,-0.09803921568627451,-0.44313725490196076,-0.08235294117647059,0.3333333333333333,-0.09411764705882353,0.24313725490196078,-0.09411764705882353,0.0196078431372549,-0.3843137254901961,-0.30196078431372547,-0.396078431372549,0.30980392156862746,-0.38823529411764707,0.24313725490196078,-0.4,0.03137254901960784
8,0.0,0.0,0.3849056603773585,0.08679245283018867,0.8,0.1169811320754717,1.0,0.1320754716981132,0.8716981132075472,0.13962264150943396,0.6226415094339622,-0.43018867924528303,0.6566037735849056,0.1471698113207547,0.5471698113207547,0.15849056603773584,0.5283018867924528,-0.0037735849056603774,0.29056603773584905,-0.5320754716981132,0.32075471698113206,0.22641509433962265,0.2641509433962264,0.15849056603773584,0.25660377358490566,-0.026415094339622643,-0.03773584905660377,-0.4679245283018868,-0.01509433962264151,0.2679245283018868,-0.03773584905660377,0.18490566037735848,-0.03773584905660377,-0.033962264150943396,-0.3132075471698113,-0.33962264150943394,-0.3132075471698113,0.24528301886792453,-0.32452830188679244,0.18490566037735848,-0.3433962264150943,-0.018867924528301886
8,0.0,0.0,0.4,0.1,0.8038461538461539,0.1423076923076923,1.0,0.17307692307692307,0.8884615384615384,0.19230769230769232,0.6153846153846154,-0.40384615384615385,0.6384615384615384,0.2076923076923077,0.5230769230769231,0.22692307692307692,0.5038461538461538,0.06153846153846154,0.25769230769230766,-0.49615384615384617,0.2923076923076923,0.28076923076923077,0.23846153846153847,0.2076923076923077,0.2230769230769231,0.015384615384615385,-0.07692307692307693,-0.4307692307692308,-0.05,0.3269230769230769,-0.06538461538461539,0.23846153846153847,-0.06923076923076923,0.019230769230769232,-0.36153846153846153,-0.2923076923076923,-0.35384615384615387,0.3076923076923077,-0.35,0.2423076923076923,-0.36153846153846153,0.03461538461538462
8,0.0,0.0,0.3992248062015504,0.09302325581395349,0.8062015503875969,0.13565891472868216,1.0,0.17054263565891473,0.8643410852713178,0.18992248062015504,0.627906976744186,-0.4263565891472868,0.6434108527131783,0.18992248062015504,0.5348837209302325,0.20930232558139536,0.5155038759689923,0.050387596899224806,0.26744186046511625,-0.5193798449612403,0.28294573643410853,0.2751937984496124,0.2364341085271318,0.2131782945736434,0.22868217054263565,0.023255813953488372,-0.07364341085271318,-0.4496124031007752,-0.05813953488372093,0.32170542635658916,-0.06976744186046512,0.2441860465116279,-0.06976744186046512,0.023255813953488372,-0.35271317829457366,-0.31007751937984496,-0.35658914728682173,0.29844961240310075,-0.35658914728682173,0.24031007751937986,-0.3682170542635659,0.031007751937984496
8,0.0,0.0,0.40076335877862596,0.0916030534351145,0.8053435114503816,0.13740458015267176,1.0,0.16412213740458015,0.8664122137404581,0.17938931297709923,0.6106870229007634,-0.4083969465648855,0.6297709923664122,0.20229007633587787,0.5114503816793893,0.2099236641221374,0.49236641221374045,0.03816793893129771,0.25572519083969464,-0.5038167938931297,0.29389312977099236,0.26717557251908397,0.23282442748091603,0.1984732824427481,0.21755725190839695,0.003816793893129771,-0.08015267175572519,-0.4389312977099237,-0.04580152671755725,0.31297709923664124,-0.0648854961832061,0.22900763358778625,-0.07251908396946564,0.003816793893129771,-0.35877862595419846,-0.3015267175572519,-0.3511450381679389,0.29389312977099236,-0.3473282442748092,0.23282442748091603,-0.3702290076335878,0.022900763358778626
8,0.0,0.0,0.3992248062015504,0.08914728682170543,0.8062015503875969,0.12790697674418605,1.0,0.15891472868217055,0.8682170542635659,0.1744186046511628,0.6124031007751938,-0.43023255813953487,0.624031007751938,0.18604651162790697,0.5232558139534884,0.20155038759689922,0.5116279069767442,0.03875968992248062,0.25193798449612403,-0.5271317829457365,0.2751937984496124,0.2596899224806202,0.2364341085271318,0.19767441860465115,0.22868217054263565,0.003875968992248062,-0.08527131782945736,-0.4573643410852713,-0.06589147286821706,0.3062015503875969,-0.07364341085271318,0.2248062015503876,-0.06976744186046512,0.0,-0.36046511627906974,-0.3178294573643411,-0.3643410852713178,0.29069767441860467,-0.36046511627906974,0.2248062015503876,-0.375968992248062,0.011627906976744186
8,0.0,0.0,0.39615384615384613,0.09230769230769231,0.8038461538461539,0.13846153846153847,1.0,0.16923076923076924,0.8538461538461538,0.18076923076923077,0.6153846153846154,-0.4115384615384615,0.6346153846153846,0.19615384615384615,0.5038461538461538,0.2153846153846154,0.48846153846153845,0.038461538461538464,0.25769230769230766,-0.5115384615384615,0.29615384615384616,0.25384615384615383,0.22692307692307692,0.19230769230769232,0.2153846153846154,0.0,-0.08076923076923077,-0.45,-0.05,0.3,-0.07692307692307693,0.2230769230769231,-0.08461538461538462,-0.0038461538461538464,-0.36538461538461536,-0.3153846153846154,-0.36538461538461536,0.28076923076923077,-0.3730769230769231,0.21923076923076923,-0.3923076923076923,0.007692307692307693
9,0.0,0.0,0.373134328358209,0.07462686567164178,0.7263681592039801,0.15920398009950248,0.8905472636815921,0.20398009950248755,0.8706467661691543,0.16417910447761194,0.7860696517412935,-0.43283582089552236,0.9701492537313433,-0.15422885572139303,1.0,-0.21393034825870647,0.9651741293532339,-0.2736318407960199,0.46766169154228854,-0.582089552238806,0.4925373134328358,0.2537313432835821,0.34328358208955223,0.2835820895522388,0.21393034825870647,0.13432835820895522,0.09950248756218906,-0.5174129353233831,0.07462686567164178,0.3582089552238806,0.024875621890547265,0.34328358208955223,0.014925373134328358,0.13930348258706468,-0.24378109452736318,-0.3781094527363184,-0.2736318407960199,0.3333333333333333,-0.2935323383084577,0.3681592039800995,-0.29850746268656714,0.21393034825870647
9,0.0,0.0,0.42391304347826086,0.11956521739130435,0.8097826086956522,0.20652173913043478,0.9782608695652174,0.2391304347826087,0.8804347826086957,0.19021739130434784,0.8478260869565217,-0.5271739130434783,1.0,-0.08695652173913043,0.9510869565217391,-0.09782608695652174,0.8695652173913043,-0.15760869565217392,0.4782608695652174,-0.6739130434782609,0.4891304347826087,0.266304347826087,0.3423913043478261,0.2717391304347826,0.2391304347826087,0.125,0.07065217391304347,-0.6086956521739131,0.043478260869565216,0.3532608695652174,-0.005434782608695652,0.33152173913043476,0.0,0.14673913043478262,-0.29891304347826086,-0.45108695652173914,-0.34782608695652173,0.30978260869565216,-0.3641304347826087,0.34782608695652173,-0.3532608695652174,0.21195652173913043
9,0.0,0.0,0.36231884057971014,0.09178743961352658,0.748792270531401,0.15458937198067632,0.927536231884058,0.14009661835748793,0.8695652173913043,0.09178743961352658,0.8260869565217391,-0.4782608695652174,0.9951690821256038,-0.21256038647342995,1.0,-0.2608695652173913,0.961352657004831,-0.2898550724637681,0.5314009661835749,-0.6521739130434783,0.5120772946859904,0.20772946859903382,0.34299516908212563,0.2318840579710145,0.2318840579710145,0.09178743961352658,0.16908212560386474,-0.6086956521739131,0.10628019323671498,0.2753623188405797,0.033816425120772944,0.2560386473429952,0.033816425120772944,0.06763285024154589,-0.18357487922705315,-0.4830917874396135,-0.2318840579710145,0.2318840579710145,-0.26570048309178745,0.27053140096618356,-0.25120772946859904,0.13043478260869565
9,0.0,0.0,0.4262295081967213,0.11475409836065574,0.8142076502732241,0.20218579234972678,1.0,0.2459016393442623,0.9344262295081968,0.21311475409836064,0.8524590163934426,-0.5081967213114754,0.9672131147540983,0.02185792349726776,0.8360655737704918,0.07103825136612021,0.7158469945355191,0.03278688524590164,0.47540983606557374,-0.6284153005464481,0.4972677595628415,0.30601092896174864,0.31693989071038253,0.3224043715846995,0.19672131147540983,0.1912568306010929,0.060109289617486336,-0.5628415300546448,0.060109289617486336,0.39344262295081966,-0.0273224043715847,0.366120218579235,-0.03825136612021858,0.1912568306010929,-0.31693989071038253,-0.4207650273224044,-0.36065573770491804,0.3333333333333333,-0.39344262295081966,0.3770491803278688,-0.3770491803278688,0.2568306010928962
9,0.0,0.0,0.4230769230769231,0.12087912087912088,0.8186813186813187,0.2032967032967033,1.0,0.24175824175824176,0.9395604395604396,0.2087912087912088,0.8461538461538461,-0.5,0.9945054945054945,-0.054945054945054944,0.9505494505494505,-0.08241758241758242,0.8791208791208791,-0.15934065934065933,0.4945054945054945,-0.6483516483516484,0.521978021978022,0.3076923076923077,0.37362637362637363,0.32967032967032966,0.26373626373626374,0.16483516483516483,0.09340659340659341,-0.5824175824175825,0.08241758241758242,0.3956043956043956,0.016483516483516484,0.3791208791208791,0.01098901098901099,0.17032967032967034,-0.29120879120879123,-0.4230769230769231,-0.3241758241758242,0.36813186813186816,-0.3516483516483517,0.4065934065934066,-0.3516483516483517,0.24725274725274726
9,0.0,0.0,0.40703517587939697,0.11055276381909548,0.7738693467336684,0.18592964824120603,0.9346733668341709,0.21105527638190955,0.8894472361809045,0.16080402010050251,0.8241206030150754,-0.4623115577889447,1.0,-0.07035175879396985,0.9396984924623115,-0.07035175879396985,0.8542713567839196,-0.11055276381909548,0.48743718592964824,-0.6030150753768844,0.5125628140703518,0.2663316582914573,0.33668341708542715,0.31155778894472363,0.21608040201005024,0.18592964824120603,0.11055276381909548,-0.5477386934673367,0.11055276381909548,0.33668341708542715,0.035175879396984924,0.3417085427135678,0.020100502512562814,0.17587939698492464,-0.23115577889447236,-0.41708542713567837,-0.2613065326633166,0.2964824120603015,-0.2914572864321608,0.35678391959798994,-0.2864321608040201,0.23618090452261306
9,0.0,0.0,0.4090909090909091,0.1590909090909091,0.7954545454545454,0.2727272727272727,1.0,0.32954545454545453,0.9829545454545454,0.2897727272727273,0.8125,-0.4147727272727273,0.9431818181818182,0.10795454545454546,0.9090909090909091,0.06818181818181818,0.8465909090909091,-0.011363636363636364,0.4602272727272727,-0.5738636363636364,0.44886363636363635,0.44886363636363635,0.30113636363636365,0.3977272727272727,0.19318181818181818,0.20454545454545456,0.056818181818181816,-0.5056818181818182,0.017045454545454544,0.5340909090909091,-0.03977272727272727,0.4715909090909091,-0.028409090909090908,0.25,-0.32386363636363635,-0.3522727272727273,-0.3522727272727273,0.4602272727272727,-0.36363636363636365,0.4659090909090909,-0.3522727272727273,0.3068181818181818
9,0.0,0.0,0.4444444444444444,0.15555555555555556,0.8333333333333334,0.2722222222222222,1.0,0.35,0.9277777777777778,0.32222222222222224,0.8111111111111111,-0.4388888888888889,0.8944444444444445,0.20555555555555555,0.7777777777777778,0.26666666666666666,0.6777777777777778,0.18888888888888888,0.40555555555555556,-0.5388888888888889,0.4111111111111111,0.4666666666666667,0.2833333333333333,0.42777777777777776,0.18888888888888888,0.23333333333333334,-0.005555555555555556,-0.45555555555555555,-0.03333333333333333,0.55,-0.07222222222222222,0.5055555555555555,-0.06111111111111111,0.29444444444444445,-0.36666666666666664,-0.3055555555555556,-0.4,0.48333333333333334,-0.40555555555555556,0.5,-0.3888888888888889,0.34444444444444444
9,0.0,0.0,0.39487179487179486,0.12307692307692308,0.7846153846153846,0.20512820512820512,0.9743589743589743,0.22564102564102564,0.9128205128205128,0.16923076923076924,0.841025641025641,-0.4512820512820513,1.0,-0.06666666666666667,0.958974358974359,-0.11282051282051282,0.8923076923076924,-0.18974358974358974,0.5282051282051282,-0.6205128205128205,0.5538461538461539,0.28205128205128205,0.38974358974358975,0.28717948717948716,0.27692307692307694,0.1282051282051282,0.15384615384615385,-0.5743589743589743,0.14871794871794872,0.35384615384615387,0.06666666666666667,0.3282051282051282,0.05128205128205128,0.1282051282051282,-0.2,-0.4512820512820513,-0.23076923076923078,0.3076923076923077,-0.27692307692307694,0.3487179487179487,-0.27692307692307694,0.2
9,0.0,0.0,0.425414364640884,0.1712707182320442,0.8176795580110497,0.26519337016574585,1.0,0.30386740331491713,0.9281767955801105,0.2596685082872928,0.8121546961325967,-0.4696132596685083,0.9060773480662984,0.11602209944751381,0.8342541436464088,0.17679558011049723,0.7458563535911602,0.10497237569060773,0.430939226519337,-0.6077348066298343,0.425414364640884,0.40331491712707185,0.30939226519337015,0.3756906077348066,0.22099447513812154,0.18232044198895028,0.027624309392265192,-0.5359116022099447,-0.016574585635359115,0.4861878453038674,-0.04419889502762431,0.4419889502762431,-0.03867403314917127,0.2265193370165746,-0.3425414364640884,-0.3812154696132597,-0.3812154696132597,0.4198895027624309,-0.3812154696132597,0.43646408839779005,-0.3701657458563536,0.27624309392265195
9,0.0,0.0,0.352112676056338,0.09389671361502347,0.7230046948356808,0.15492957746478872,0.92018779342723,0.14553990610328638,0.9061032863849765,0.07511737089201878,0.8215962441314554,-0.4272300469483568,0.9953051643192489,-0.19248826291079812,1.0,-0.24413145539906103,0.9624413145539906,-0.2863849765258216,0.5446009389671361,-0.6056338028169014,0.5539906103286385,0.16901408450704225,0.38028169014084506,0.215962441314554,0.2535211267605634,0.107981220657277,0.20187793427230047,-0.5868544600938967,0.16901408450704225,0.2347417840375587,0.07981220657276995,0.24413145539906103,0.06103286384976526,0.07981220657276995,-0.13615023474178403,-0.4788732394366197,-0.17370892018779344,0.20187793427230047,-0.22535211267605634,0.26291079812206575,-0.22065727699530516,0.14553990610328638
